,Ticker,Name,SEDOL,ISIN,CUSIP,Incept. Date,Gross Expense Ratio (%),Net Expense Ratio (%),Net Assets (USD),Net Assets as of,Asset Class,Sub Asset Class,Region,Market,Location,Investment Style,Key Facts,Avg. Annual Return: NAV Quarterly,Avg. Annual Return: Price Quarterly,Avg. Annual Return: NAV Monthly,Avg. Annual Return: Price Monthly,Yield,Fixed Income Characteristics,Sustainability Characteristics (MSCI ESG Fund Ratings)
1,IVV,iShares Core S&P 500 ETF,-,US4642872000,464287200,"May 15, 2000",0.03,0.03,"440,074,901,720.64","Apr 12, 2024",Equity,Large Cap,North America,Developed,United States,Passive,1.31,10.54,10.42,10.54,10.42,1.31,-,A
2,IEFA,iShares Core MSCI EAFE ETF,-,US46432F8427,46432F842,"Oct 18, 2012",0.07,0.07,"112,330,399,621.19","Apr 12, 2024",Equity,All Cap,Global,Developed,Broad,Passive,3.04,5.34,5.50,5.34,5.50,3.04,-,AA
3,AGG,iShares Core U.S. Aggregate Bond ETF,-,US4642872265,464287226,"Sep 22, 2003",0.03,0.03,"104,793,312,263.66","Apr 12, 2024",Fixed Income,Multi Sectors,North America,Developed,United States,Passive,3.39,-0.75,-0.74,-0.75,-0.74,3.39,6.00,A
4,IWF,iShares Russell 1000 Growth ETF,-,US4642876142,464287614,"May 22, 2000",0.19,0.19,"87,843,399,952.97","Apr 12, 2024",Equity,Large/Mid Cap,North America,Developed,United States,Passive,0.53,11.36,11.32,11.36,11.32,0.53,-,A
5,IJH,iShares Core S&P Mid-Cap ETF,-,US4642875078,464287507,"May 22, 2000",0.05,0.05,"81,078,543,780.05","Apr 12, 2024",Equity,Mid Cap,North America,Developed,United States,Passive,5.36,9.95,9.87,9.95,9.87,5.36,-,A
6,IJR,iShares Core S&P Small-Cap ETF,-,US4642878049,464287804,"May 22, 2000",0.06,0.06,"76,131,456,623.55","Apr 12, 2024",Equity,Small Cap,North America,Developed,United States,Passive,1.28,2.46,2.40,2.46,2.40,1.28,-,BBB
7,IEMG,iShares Core MSCI Emerging Markets ETF,-,US46434G1031,46434G103,"Oct 18, 2012",0.09,0.09,"75,891,763,551.00","Apr 12, 2024",Equity,All Cap,Global,Emerging,Broad,Passive,2.83,2.20,2.02,2.20,2.02,2.83,-,BBB
8,IWM,iShares Russell 2000 ETF,-,US4642876555,464287655,"May 22, 2000",0.19,0.19,"61,159,454,696.38","Apr 12, 2024",Equity,Small Cap,North America,Developed,United States,Passive,1.23,5.14,5.04,5.14,5.04,1.23,-,BBB
9,IWD,iShares Russell 1000 Value ETF,-,US4642875987,464287598,"May 22, 2000",0.19,0.19,"53,707,885,404.62","Apr 12, 2024",Equity,Large/Mid Cap,North America,Developed,United States,Passive,1.87,8.94,8.86,8.94,8.86,1.87,-,A
10,ITOT,iShares Core S&P Total U.S. Stock Market ETF,-,US4642871507,464287150,"Jan 20, 2004",0.03,0.03,"52,733,619,477.95","Apr 12, 2024",Equity,All Cap,North America,Developed,United States,Passive,1.31,10.02,9.86,10.02,9.86,1.31,-,A
11,EFA,iShares MSCI EAFE ETF,-,US4642874659,464287465,"Aug 14, 2001",0.33,0.33,"51,707,604,529.60","Apr 12, 2024",Equity,Large/Mid Cap,Global,Developed,Broad,Passive,2.81,5.77,5.99,5.77,5.99,2.81,-,AA
12,TLT,iShares 20+ Year Treasury Bond ETF,-,US4642874329,464287432,"Jul 22, 2002",0.15,0.15,"47,023,534,308.82","Apr 12, 2024",Fixed Income,Government,North America,Developed,United States,Passive,3.86,-3.63,-3.71,-3.63,-3.71,3.86,16.46,A
13,IVW,iShares S&P 500 Growth ETF,-,US4642873099,464287309,"May 22, 2000",0.18,0.18,"43,860,392,916.07","Apr 12, 2024",Equity,Large Cap,North America,Developed,United States,Passive,0.79,12.69,12.55,12.69,12.55,0.79,-,A
14,QUAL,iShares MSCI USA Quality Factor ETF,-,US46432F3394,46432F339,"Jul 16, 2013",0.15,0.15,"41,921,799,333.45","Apr 12, 2024",Equity,Large/Mid Cap,North America,Developed,United States,Passive,1.11,11.82,11.95,11.82,11.95,1.11,-,A
15,MUB,iShares National Muni Bond ETF,-,US4642884146,464288414,"Sep 07, 2007",0.05,0.05,"36,895,929,919.96","Apr 12, 2024",Fixed Income,Municipals,North America,Developed,United States,Passive,2.78,-0.43,-0.26,-0.43,-0.26,2.78,6.14,-
16,IXUS,iShares Core MSCI Total International Stock ETF,-,US46432F8344,46432F834,"Oct 18, 2012",0.07,0.07,"35,481,170,428.01","Apr 12, 2024",Equity,All Cap,Global,Developed,Broad,Passive,3.00,4.40,4.51,4.40,4.51,3.00,-,A
17,IWB,iShares Russell 1000 ETF,-,US4642876225,464287622,"May 15, 2000",0.15,0.15,"34,579,528,844.13","Apr 12, 2024",Equity,Large/Mid Cap,North America,Developed,United States,Passive,1.21,10.26,10.16,10.26,10.16,1.21,-,A
18,IWR,iShares Russell Mid-Cap ETF,-,US4642874998,464287499,"Jul 17, 2001",0.19,0.19,"32,746,526,293.40","Apr 12, 2024",Equity,Mid Cap,North America,Developed,United States,Passive,1.27,8.55,8.46,8.55,8.46,1.27,-,A
19,IVE,iShares S&P 500 Value ETF,-,US4642874089,464287408,"May 22, 2000",0.18,0.18,"32,032,673,122.78","Apr 12, 2024",Equity,Large Cap,North America,Developed,United States,Passive,1.62,8.01,7.92,8.01,7.92,1.62,-,A
20,IAU,iShares Gold Trust,BMDB791,US4642852044,464285204,"Jan 21, 2005",0.25,0.25,"29,599,595,990.11","Apr 12, 2024",Commodities & Digital Assets,Precious Metals,Global,Developed,Broad,Passive,-,7.30,7.64,7.30,7.64,-,-,-
21,LQD,iShares iBoxx $ Investment Grade Corporate Bond ETF,-,US4642872422,464287242,"Jul 22, 2002",0.14,0.14,"29,042,016,215.52","Apr 12, 2024",Fixed Income,Credit,North America,Developed,United States,Passive,4.31,-0.77,-0.87,-0.77,-0.87,4.31,8.29,A
22,IEF,iShares 7-10 Year Treasury Bond ETF,-,US4642874402,464287440,"Jul 22, 2002",0.15,0.15,"28,148,612,192.56","Apr 12, 2024",Fixed Income,Government,North America,Developed,United States,Passive,3.23,-1.34,-1.30,-1.34,-1.30,3.23,7.24,A
23,MBB,iShares MBS ETF,-,US4642885887,464288588,"Mar 13, 2007",0.05,0.04,"28,029,167,754.86","Apr 12, 2024",Fixed Income,Mortgages,North America,Developed,United States,Passive,3.69,-1.06,-1.14,-1.06,-1.14,3.69,5.76,-
24,IUSB,iShares Core Total USD Bond Market ETF,-,US46434V6130,46434V613,"Jun 10, 2014",0.06,0.06,"27,641,806,644.40","Apr 12, 2024",Fixed Income,Multi Sectors,North America,Developed,United States,Passive,3.71,-0.46,-0.44,-0.46,-0.44,3.71,5.78,A
25,DGRO,iShares Core Dividend Growth ETF,-,US46434V6213,46434V621,"Jun 10, 2014",0.08,0.08,"26,263,289,834.21","Apr 12, 2024",Equity,All Cap,North America,Developed,United States,Passive,2.29,8.54,8.46,8.54,8.46,2.29,-,A
26,GOVT,iShares U.S. Treasury Bond ETF,-,US46429B2676,46429B267,"Feb 14, 2012",0.05,0.05,"25,207,812,442.30","Apr 12, 2024",Fixed Income,Government,North America,Developed,United States,Passive,2.92,-0.90,-0.71,-0.90,-0.71,2.92,5.85,A
27,SHY,iShares 1-3 Year Treasury Bond ETF,-,US4642874576,464287457,"Jul 22, 2002",0.15,0.15,"24,442,135,067.57","Apr 12, 2024",Fixed Income,Government,North America,Developed,United States,Passive,3.34,0.23,0.27,0.23,0.27,3.34,1.84,A
28,USMV,iShares MSCI USA Min Vol Factor ETF,-,US46429B6974,46429B697,"Oct 18, 2011",0.15,0.15,"23,523,369,818.60","Apr 12, 2024",Equity,Large/Mid Cap,North America,Developed,United States,Passive,1.74,7.66,7.58,7.66,7.58,1.74,-,A
29,IGSB,iShares 1-5 Year Investment Grade Corporate Bond ETF,-,US4642886463,464288646,"Jan 05, 2007",0.04,0.04,"21,135,297,120.27","Apr 12, 2024",Fixed Income,Credit,North America,Developed,United States,Passive,3.51,0.68,0.61,0.68,0.61,3.51,2.56,A
30,SGOV,iShares 0-3 Month Treasury Bond ETF,-,US46436E7186,46436E718,"May 26, 2020",0.13,0.07,"19,610,216,514.65","Apr 12, 2024",Fixed Income,Government,North America,Developed,United States,Passive,5.15,1.32,1.31,1.32,1.31,5.15,0.11,A
31,ACWI,iShares MSCI ACWI ETF,-,US4642882579,464288257,"Mar 26, 2008",0.32,0.32,"19,096,215,914.96","Apr 12, 2024",Equity,Large/Mid Cap,Global,Developed,Broad,Passive,1.74,8.20,8.21,8.20,8.21,1.74,-,A
32,TIP,iShares TIPS Bond ETF,-,US4642871762,464287176,"Dec 04, 2003",0.19,0.19,"18,412,879,412.04","Apr 12, 2024",Fixed Income,Inflation,North America,Developed,United States,Passive,2.72,-0.07,-0.07,-0.07,-0.07,2.72,6.56,A
33,SHV,iShares Short Treasury Bond ETF,-,US4642886794,464288679,"Jan 05, 2007",0.16,0.15,"18,407,215,568.06","Apr 12, 2024",Fixed Income,Government,North America,Developed,United States,Passive,5.05,1.22,1.21,1.22,1.21,5.05,0.29,A
34,EEM,iShares MSCI Emerging Markets ETF,-,US4642872349,464287234,"Apr 07, 2003",0.7,0.7,"18,060,722,709.40","Apr 12, 2024",Equity,Large/Mid Cap,Global,Emerging,Broad,Passive,2.57,2.21,2.16,2.21,2.16,2.57,-,A
35,DVY,iShares Select Dividend ETF,-,US4642871689,464287168,"Nov 03, 2003",0.38,0.38,"18,008,264,958.75","Apr 12, 2024",Equity,All Cap,North America,Developed,United States,Passive,3.62,6.01,5.95,6.01,5.95,3.62,-,A
36,IBIT,iShares Bitcoin Trust,-,US46438F1012,46438F101,"Jan 05, 2024",0.25,0.25,"17,997,903,774.95","Apr 12, 2024",Commodities & Digital Assets,Digital Assets,North America,Developed,United States,Passive,-,-,-,-,-,-,-,-
37,EWJ,iShares MSCI Japan ETF,-,US46434G8226,46434G822,"Mar 12, 1996",0.5,0.5,"16,887,914,692.64","Apr 12, 2024",Equity,Large/Mid Cap,Asia Pacific,Developed,Japan,Passive,1.83,11.13,11.24,11.13,11.24,1.83,-,AA
38,IUSG,iShares Core S&P U.S. Growth ETF,-,US4642876712,464287671,"Jul 24, 2000",0.04,0.04,"16,868,083,815.05","Apr 12, 2024",Equity,All Cap,North America,Developed,United States,Passive,0.91,12.89,12.75,12.89,12.75,0.91,-,A
39,EFV,iShares MSCI EAFE Value ETF,-,US4642888774,464288877,"Aug 01, 2005",0.34,0.34,"16,587,406,273.67","Apr 12, 2024",Equity,Large/Mid Cap,Global,Developed,Broad,Passive,4.18,4.44,4.41,4.44,4.41,4.18,-,AA
40,IUSV,iShares Core S&P U.S. Value ETF,-,US4642876639,464287663,"Jul 24, 2000",0.04,0.04,"16,539,793,071.86","Apr 12, 2024",Equity,All Cap,North America,Developed,United States,Passive,1.74,7.80,7.77,7.80,7.77,1.74,-,A
41,IYW,iShares U.S. Technology ETF,-,US4642877215,464287721,"May 15, 2000",0.4,0.4,"16,341,034,498.39","Apr 12, 2024",Equity,All Cap,North America,Developed,United States,Passive,0.23,10.16,10.09,10.16,10.09,0.23,-,A
42,IWP,iShares Russell Mid-Cap Growth ETF,-,US4642874816,464287481,"Jul 17, 2001",0.23,0.23,"14,979,265,021.54","Apr 12, 2024",Equity,Mid Cap,North America,Developed,United States,Passive,0.47,9.44,9.38,9.44,9.38,0.47,-,A
43,PFF,iShares Preferred and Income Securities ETF,-,US4642886877,464288687,"Mar 26, 2007",0.46,0.46,"14,510,192,868.40","Apr 12, 2024",Equity,All Cap,North America,Developed,United States,Passive,6.34,4.53,4.46,4.53,4.46,6.34,-,BBB
44,HYG,iShares iBoxx $ High Yield Corporate Bond ETF,-,US4642885135,464288513,"Apr 04, 2007",0.49,0.49,"14,510,072,685.56","Apr 12, 2024",Fixed Income,High Yield,North America,Developed,United States,Passive,5.90,1.13,1.51,1.13,1.51,5.90,3.36,BBB
45,EMB,iShares J.P. Morgan USD Emerging Markets Bond ETF,-,US4642882819,464288281,"Dec 17, 2007",0.39,0.39,"13,946,842,687.32","Apr 12, 2024",Fixed Income,Government,Global,Emerging,Broad,Passive,4.86,1.73,1.54,1.73,1.54,4.86,7.04,BB
46,IWS,iShares Russell Mid-Cap Value ETF,-,US4642874733,464287473,"Jul 17, 2001",0.23,0.23,"13,465,861,251.27","Apr 12, 2024",Equity,Mid Cap,North America,Developed,United States,Passive,1.55,8.17,8.11,8.17,8.11,1.55,-,A
47,IWV,iShares Russell 3000 ETF,-,US4642876894,464287689,"May 22, 2000",0.2,0.2,"13,268,657,779.85","Apr 12, 2024",Equity,All Cap,North America,Developed,United States,Passive,1.16,9.98,9.90,9.98,9.90,1.16,-,A
48,IDEV,iShares Core MSCI International Developed Markets ETF,-,US46435G3267,46435G326,"Mar 21, 2017",0.04,0.04,"13,057,486,317.22","Apr 12, 2024",Equity,Large/Mid Cap,Global,Developed,Broad,Passive,2.91,5.27,5.45,5.27,5.45,2.91,-,AA
49,IEI,iShares 3-7 Year Treasury Bond ETF,-,US4642886612,464288661,"Jan 05, 2007",0.15,0.15,"13,017,367,949.02","Apr 12, 2024",Fixed Income,Government,North America,Developed,United States,Passive,2.69,-0.63,-0.65,-0.63,-0.65,2.69,4.32,A
50,EMXC,iShares MSCI Emerging Markets ex China ETF,-,US46434G7640,46434G764,"Jul 18, 2017",0.25,0.25,"12,905,671,594.65","Apr 12, 2024",Equity,All Cap,Global,Emerging,Broad,Passive,1.76,3.83,3.90,3.83,3.90,1.76,-,A
51,IGIB,iShares 5-10 Year Investment Grade Corporate Bond ETF,-,US4642886380,464288638,"Jan 05, 2007",0.04,0.04,"12,893,200,049.45","Apr 12, 2024",Fixed Income,Credit,North America,Developed,United States,Passive,4.07,0.03,-0.09,0.03,-0.09,4.07,6.07,A
52,SLV,iShares Silver Trust,-,US46428Q1094,46428Q109,"Apr 21, 2006",0.5,0.5,"12,592,890,786.80","Apr 12, 2024",Commodities & Digital Assets,Precious Metals,Global,Developed,Broad,Passive,-,3.03,4.45,3.03,4.45,-,-,-
53,SOXX,iShares Semiconductor ETF,-,US4642875235,464287523,"Jul 10, 2001",0.35,0.35,"12,524,884,312.04","Apr 12, 2024",Equity,All Cap,North America,Developed,United States,Passive,0.61,17.80,17.76,17.80,17.76,0.61,-,AA
54,IWN,iShares Russell 2000 Value ETF,-,US4642876308,464287630,"Jul 24, 2000",0.24,0.24,"11,879,611,041.77","Apr 12, 2024",Equity,Small Cap,North America,Developed,United States,Passive,1.91,2.82,2.61,2.82,2.61,1.91,-,BBB
55,EFG,iShares MSCI EAFE Growth ETF,-,US4642888857,464288885,"Aug 01, 2005",0.36,0.36,"11,675,918,135.85","Apr 12, 2024",Equity,Large/Mid Cap,Global,Developed,Broad,Passive,1.52,7.04,7.17,7.04,7.17,1.52,-,AA
56,OEF,iShares S&P 100 ETF,-,US4642871010,464287101,"Oct 23, 2000",0.2,0.2,"11,505,879,877.82","Apr 12, 2024",Equity,Large Cap,North America,Developed,United States,Passive,1.11,11.18,11.09,11.18,11.09,1.11,-,A
57,USHY,iShares Broad USD High Yield Corporate Bond ETF,-,US46435U8532,46435U853,"Oct 25, 2017",0.08,0.08,"11,415,357,652.36","Apr 12, 2024",Fixed Income,High Yield,North America,Developed,United States,Passive,6.77,1.60,1.87,1.60,1.87,6.77,3.42,BBB
58,IWO,iShares Russell 2000 Growth ETF,-,US4642876480,464287648,"Jul 24, 2000",0.24,0.24,"10,949,078,528.53","Apr 12, 2024",Equity,Small Cap,North America,Developed,United States,Passive,0.64,7.56,7.50,7.56,7.50,0.64,-,BBB
59,USIG,iShares Broad USD Investment Grade Corporate Bond ETF,-,US4642886208,464288620,"Jan 05, 2007",0.04,0.04,"10,582,384,379.92","Apr 12, 2024",Fixed Income,Credit,North America,Developed,United States,Passive,4.23,-0.11,-0.25,-0.11,-0.25,4.23,6.60,A
60,HDV,iShares Core High Dividend ETF,-,US46429B6636,46429B663,"Mar 29, 2011",0.08,0.08,"10,173,018,732.99","Apr 12, 2024",Equity,All Cap,North America,Developed,United States,Passive,3.35,8.81,8.90,8.81,8.90,3.35,-,A
61,MTUM,iShares MSCI USA Momentum Factor ETF,-,US46432F3964,46432F396,"Apr 16, 2013",0.15,0.15,"10,166,923,606.73","Apr 12, 2024",Equity,Large/Mid Cap,North America,Developed,United States,Passive,0.78,19.59,19.52,19.59,19.52,0.78,-,A
62,IWY,iShares Russell Top 200 Growth ETF,-,US4642894384,464289438,"Sep 22, 2009",0.2,0.2,"9,450,004,145.98","Apr 12, 2024",Equity,Large Cap,North America,Developed,United States,Passive,0.60,11.64,11.49,11.64,11.49,0.60,-,A
63,INDA,iShares MSCI India ETF,-,US46429B5984,46429B598,"Feb 02, 2012",0.65,0.65,"9,432,856,680.13","Apr 12, 2024",Equity,Large/Mid Cap,Asia Pacific,Emerging,India,Passive,0.00,5.69,5.70,5.69,5.70,0.00,-,BBB
64,IJK,iShares S&P Mid-Cap 400 Growth ETF,-,US4642876068,464287606,"Jul 24, 2000",0.17,0.17,"9,383,375,091.03","Apr 12, 2024",Equity,Mid Cap,North America,Developed,United States,Passive,0.92,15.55,15.37,15.55,15.37,0.92,-,A
65,SCZ,iShares MSCI EAFE Small-Cap ETF,-,US4642882736,464288273,"Dec 10, 2007",0.4,0.4,"9,349,246,645.97","Apr 12, 2024",Equity,Small Cap,Global,Developed,Broad,Passive,2.89,2.12,2.31,2.12,2.31,2.89,-,A
66,SUB,iShares Short-Term National Muni Bond ETF,-,US4642881589,464288158,"Nov 05, 2008",0.07,0.07,"8,657,883,946.25","Apr 12, 2024",Fixed Income,Municipals,North America,Developed,United States,Passive,1.84,-0.14,-0.34,-0.14,-0.34,1.84,1.80,-
67,STIP,iShares 0-5 Year TIPS Bond ETF,-,US46429B7477,46429B747,"Dec 01, 2010",0.03,0.03,"8,010,356,113.86","Apr 12, 2024",Fixed Income,Inflation,North America,Developed,United States,Passive,2.71,0.80,0.85,0.80,0.85,2.71,2.32,A
68,IQLT,iShares MSCI Intl Quality Factor ETF,-,US46434V4564,46434V456,"Jan 13, 2015",0.3,0.3,"7,934,421,944.04","Apr 12, 2024",Equity,Large/Mid Cap,Global,Developed,Broad,Passive,2.16,5.46,5.59,5.46,5.59,2.16,-,AA
69,ESGD,iShares ESG Aware MSCI EAFE ETF,-,US46435G5163,46435G516,"Jun 28, 2016",0.2,0.2,"7,900,722,853.57","Apr 12, 2024",Equity,Large/Mid Cap,Global,Developed,Broad,Passive,2.87,5.65,5.78,5.65,5.78,2.87,-,AA
70,TLH,iShares 10-20 Year Treasury Bond ETF,-,US4642886539,464288653,"Jan 05, 2007",0.15,0.15,"7,673,623,894.16","Apr 12, 2024",Fixed Income,Government,North America,Developed,United States,Passive,4.19,-2.26,-2.35,-2.26,-2.35,4.19,12.74,A
71,EZU,iShares MSCI Eurozone ETF,-,US4642866085,464286608,"Jul 25, 2000",0.51,0.51,"7,486,803,035.29","Apr 12, 2024",Equity,Large/Mid Cap,Europe,Developed,Broad,Passive,2.38,7.57,7.63,7.57,7.63,2.38,-,AA
72,DYNF,BlackRock U.S. Equity Factor Rotation ETF,BJ9ZMT1,US09290C1036,09290C103,"Mar 19, 2019",0.3,0.3,"7,316,688,860.76","Apr 12, 2024",Equity,Large/Mid Cap,North America,Developed,United States,Active,0.71,12.18,12.23,12.18,12.23,0.71,-,A
73,FLOT,iShares Floating Rate Bond ETF,-,US46429B6552,46429B655,"Jun 14, 2011",0.15,0.15,"7,292,356,691.27","Apr 12, 2024",Fixed Income,Credit,North America,Developed,United States,Passive,5.84,1.82,1.87,1.82,1.87,5.84,0.02,AA
74,IJJ,iShares S&P Mid-Cap 400 Value ETF,-,US4642877058,464287705,"Jul 24, 2000",0.18,0.18,"7,230,231,702.05","Apr 12, 2024",Equity,Mid Cap,North America,Developed,United States,Passive,1.55,4.09,4.05,4.09,4.05,1.55,-,A
75,IBB,iShares Biotechnology ETF,-,US4642875565,464287556,"Feb 05, 2001",0.45,0.45,"7,112,093,171.25","Apr 12, 2024",Equity,All Cap,North America,Developed,United States,Passive,0.30,1.17,1.10,1.17,1.10,0.30,-,A
76,VLUE,iShares MSCI USA Value Factor ETF,-,US46432F3881,46432F388,"Apr 16, 2013",0.15,0.15,"6,951,668,184.69","Apr 12, 2024",Equity,Large/Mid Cap,North America,Developed,United States,Passive,2.39,7.80,7.76,7.80,7.76,2.39,-,A
77,EFAV,iShares MSCI EAFE Min Vol Factor ETF,-,US46429B6891,46429B689,"Oct 18, 2011",0.22,0.22,"6,774,151,255.85","Apr 12, 2024",Equity,Large/Mid Cap,Global,Developed,Broad,Passive,3.01,2.18,2.22,2.18,2.22,3.01,-,AA
78,TFLO,iShares Treasury Floating Rate Bond ETF,-,US46434V8607,46434V860,"Feb 03, 2014",0.15,0.15,"6,760,274,532.43","Apr 12, 2024",Fixed Income,Government,North America,Developed,United States,Passive,5.25,1.41,1.36,1.41,1.36,5.25,0.01,A
79,IJS,iShares S&P Small-Cap 600 Value ETF,-,US4642878791,464287879,"Jul 24, 2000",0.18,0.18,"6,736,855,788.79","Apr 12, 2024",Equity,Small Cap,North America,Developed,United States,Passive,1.46,0.12,0.06,0.12,0.06,1.46,-,BBB
80,IGV,iShares Expanded Tech-Software Sector ETF,-,US4642875151,464287515,"Jul 10, 2001",0.41,0.41,"6,494,817,385.94","Apr 12, 2024",Equity,All Cap,North America,Developed,United States,Passive,0.01,5.23,5.10,5.23,5.10,0.01,-,AA
81,HEFA,iShares Currency Hedged MSCI EAFE ETF,-,US46434V8037,46434V803,"Jan 31, 2014",0.7,0.35,"6,368,188,205.75","Apr 12, 2024",Equity,Large/Mid Cap,Global,Developed,Broad,Passive,2.73,10.70,10.70,10.70,10.70,2.73,-,AA
82,ITA,iShares U.S. Aerospace & Defense ETF,-,US4642887602,464288760,"May 01, 2006",0.4,0.4,"5,929,444,607.98","Apr 12, 2024",Equity,All Cap,North America,Developed,United States,Passive,0.88,4.46,4.42,4.46,4.42,0.88,-,A
83,IAGG,iShares Core International Aggregate Bond ETF,-,US46435G6724,46435G672,"Nov 10, 2015",0.07,0.07,"5,807,761,975.09","Apr 12, 2024",Fixed Income,Multi Sectors,Global,Developed,Broad,Passive,3.58,0.40,0.30,0.40,0.30,3.58,6.69,A
84,SHYG,iShares 0-5 Year High Yield Corporate Bond ETF,-,US46434V4077,46434V407,"Oct 15, 2013",0.3,0.3,"5,805,847,889.25","Apr 12, 2024",Fixed Income,High Yield,North America,Developed,United States,Passive,6.55,1.58,1.89,1.58,1.89,6.55,2.41,BBB
85,IJT,iShares S&P Small-Cap 600 Growth ETF,-,US4642878874,464287887,"Jul 24, 2000",0.18,0.18,"5,639,295,570.69","Apr 12, 2024",Equity,Small Cap,North America,Developed,United States,Passive,0.92,4.73,4.64,4.73,4.64,0.92,-,BBB
86,ICSH,BlackRock Ultra Short-Term Bond ETF,-,US46434V8789,46434V878,"Dec 11, 2013",0.08,0.08,"5,600,703,356.57","Apr 12, 2024",Fixed Income,Multi Sectors,North America,Developed,United States,Active,5.04,1.27,1.29,1.27,1.29,5.04,0.43,A
87,IHI,iShares U.S. Medical Devices ETF,-,US4642888105,464288810,"May 01, 2006",0.4,0.4,"5,353,452,687.01","Apr 12, 2024",Equity,All Cap,North America,Developed,United States,Passive,0.51,8.62,8.62,8.62,8.62,0.51,-,A
88,IOO,iShares Global 100 ETF,-,US4642875722,464287572,"Dec 05, 2000",0.41,0.41,"5,167,610,711.01","Apr 12, 2024",Equity,Large Cap,Global,Developed,Broad,Passive,1.35,11.06,11.04,11.06,11.04,1.35,-,A
89,EWY,iShares MSCI South Korea ETF,-,US4642867729,464286772,"May 09, 2000",0.59,0.59,"4,996,298,264.21","Apr 12, 2024",Equity,Large/Mid Cap,Asia Pacific,Emerging,South Korea,Passive,2.46,2.25,2.41,2.25,2.41,2.46,-,A
90,EWZ,iShares MSCI Brazil ETF,-,US4642864007,464286400,"Jul 10, 2000",0.59,0.59,"4,920,189,797.83","Apr 12, 2024",Equity,Large/Mid Cap,Latin America,Emerging,Brazil,Passive,6.10,-7.23,-7.27,-7.23,-7.27,6.10,-,BBB
91,MCHI,iShares MSCI China ETF,-,US46429B6719,46429B671,"Mar 29, 2011",0.59,0.59,"4,776,617,511.85","Apr 12, 2024",Equity,Large/Mid Cap,Asia Pacific,Emerging,China,Passive,3.57,-2.33,-2.48,-2.33,-2.48,3.57,-,BBB
92,ACWX,iShares MSCI ACWI ex U.S. ETF,-,US4642882405,464288240,"Mar 26, 2008",0.34,0.34,"4,518,210,571.21","Apr 12, 2024",Equity,Large/Mid Cap,Global,Developed,Broad,Passive,2.83,4.65,4.60,4.65,4.60,2.83,-,A
93,IXN,iShares Global Tech ETF,-,US4642872919,464287291,"Nov 12, 2001",0.41,0.41,"4,472,148,853.53","Apr 12, 2024",Equity,All Cap,Global,Developed,Broad,Passive,0.50,9.90,9.72,9.90,9.72,0.50,-,AA
94,FXI,iShares China Large-Cap ETF,-,US4642871846,464287184,"Oct 05, 2004",0.74,0.74,"4,434,299,246.11","Apr 12, 2024",Equity,Large Cap,Asia Pacific,Emerging,China,Passive,3.17,0.64,0.17,0.64,0.17,3.17,-,A
95,EEMV,iShares MSCI Emerging Markets Min Vol Factor ETF,-,US4642865335,464286533,"Oct 18, 2011",0.25,0.25,"4,376,825,514.49","Apr 12, 2024",Equity,Large/Mid Cap,Global,Emerging,Broad,Passive,2.70,1.72,1.80,1.72,1.80,2.70,-,BBB
96,IEUR,iShares Core MSCI Europe ETF,-,US46434V7385,46434V738,"Jun 10, 2014",0.11,0.11,"4,346,245,086.79","Apr 12, 2024",Equity,All Cap,Europe,Developed,Broad,Passive,3.02,4.78,5.14,4.78,5.14,3.02,-,AA
97,IGM,iShares Expanded Tech Sector ETF,-,US4642875490,464287549,"Mar 13, 2001",0.41,0.41,"4,318,949,476.30","Apr 12, 2024",Equity,All Cap,North America,Developed,United States,Passive,0.32,15.46,15.42,15.46,15.42,0.32,-,A
98,ACWV,iShares MSCI Global Min Vol Factor ETF,-,US4642865251,464286525,"Oct 18, 2011",0.2,0.2,"4,182,853,681.88","Apr 12, 2024",Equity,Large/Mid Cap,Global,Developed,Broad,Passive,2.30,4.78,4.90,4.78,4.90,2.30,-,A
99,EWT,iShares MSCI Taiwan ETF,-,US46434G7723,46434G772,"Jun 20, 2000",0.59,0.59,"4,172,229,049.96","Apr 12, 2024",Equity,Large/Mid Cap,Asia Pacific,Emerging,Taiwan,Passive,3.68,5.61,5.76,5.61,5.76,3.68,-,A
100,ESGE,iShares ESG Aware MSCI EM ETF,-,US46434G8630,46434G863,"Jun 28, 2016",0.25,0.25,"4,089,040,435.32","Apr 12, 2024",Equity,Large/Mid Cap,Global,Emerging,Broad,Passive,2.62,0.66,0.53,0.66,0.53,2.62,-,AA
101,ISTB,iShares Core 1-5 Year USD Bond ETF,-,US46432F8591,46432F859,"Oct 18, 2012",0.06,0.06,"4,053,972,999.56","Apr 12, 2024",Fixed Income,Multi Sectors,North America,Developed,United States,Passive,3.27,0.36,0.34,0.36,0.34,3.27,2.62,A
102,IDV,iShares International Select Dividend ETF,-,US4642884484,464288448,"Jun 11, 2007",0.51,0.51,"4,045,647,331.16","Apr 12, 2024",Equity,All Cap,Global,Developed,Broad,Passive,6.58,0.83,1.03,0.83,1.03,6.58,-,AA
103,IYR,iShares U.S. Real Estate ETF,-,US4642877397,464287739,"Jun 12, 2000",0.4,0.4,"3,864,876,559.21","Apr 12, 2024",Real Estate,Real Estate Securities,North America,Developed,United States,Passive,2.67,-1.23,-1.28,-1.23,-1.28,2.67,-,A
104,IXJ,iShares Global Healthcare ETF,-,US4642873255,464287325,"Nov 13, 2001",0.42,0.42,"3,822,456,951.60","Apr 12, 2024",Equity,All Cap,Global,Developed,Broad,Passive,1.29,7.38,7.41,7.38,7.41,1.29,-,A
105,EAGG,iShares ESG Aware U.S. Aggregate Bond ETF,-,US46435U5496,46435U549,"Oct 18, 2018",0.11,0.1,"3,534,844,719.14","Apr 12, 2024",Fixed Income,Multi Sectors,North America,Developed,United States,Passive,3.59,-0.81,-0.81,-0.81,-0.81,3.59,6.02,A
106,IGF,iShares Global Infrastructure ETF,-,US4642883726,464288372,"Dec 10, 2007",0.41,0.41,"3,464,944,193.14","Apr 12, 2024",Equity,All Cap,Global,Developed,Broad,Passive,3.32,1.27,1.21,1.27,1.21,3.32,-,AA
107,IXC,iShares Global Energy ETF,-,US4642873412,464287341,"Nov 12, 2001",0.44,0.44,"3,448,929,500.80","Apr 12, 2024",Equity,All Cap,Global,Developed,Broad,Passive,3.14,9.70,9.82,9.70,9.82,3.14,-,A
108,REET,iShares Global REIT ETF,-,US46434V6478,46434V647,"Jul 08, 2014",0.14,0.14,"3,443,289,927.39","Apr 12, 2024",Real Estate,Real Estate Securities,Global,Developed,Broad,Passive,3.26,-1.55,-1.51,-1.55,-1.51,3.26,-,BBB
109,XT,iShares Exponential Technologies ETF,-,US46434V3814,46434V381,"Mar 19, 2015",0.46,0.46,"3,331,699,776.96","Apr 12, 2024",Equity,Large Cap,Global,Developed,Broad,Passive,0.41,-0.43,-0.42,-0.43,-0.42,0.41,-,A
110,URTH,iShares MSCI World ETF,-,US4642863926,464286392,"Jan 10, 2012",0.24,0.24,"3,326,120,599.57","Apr 12, 2024",Equity,Large/Mid Cap,Global,Developed,Broad,Passive,1.56,8.93,8.94,8.93,8.94,1.56,-,A
111,IYH,iShares U.S. Healthcare ETF,-,US4642877629,464287762,"Jun 12, 2000",0.4,0.4,"3,303,985,962.13","Apr 12, 2024",Equity,All Cap,North America,Developed,United States,Passive,4.47,8.64,8.42,8.64,8.42,4.47,-,A
112,GVI,iShares Intermediate Government/Credit Bond ETF,-,US4642886125,464288612,"Jan 05, 2007",0.2,0.2,"3,170,049,731.96","Apr 12, 2024",Fixed Income,Multi Sectors,North America,Developed,United States,Passive,3.02,-0.18,-0.18,-0.18,-0.18,3.02,3.74,A
113,ITB,iShares U.S. Home Construction ETF,-,US4642887529,464288752,"May 01, 2006",0.4,0.4,"3,036,372,506.02","Apr 12, 2024",Equity,All Cap,North America,Developed,United States,Passive,0.43,14.10,13.94,14.10,13.94,0.43,-,A
114,NEAR,BlackRock Short Duration Bond ETF,-,US46431W5076,46431W507,"Sep 25, 2013",0.25,0.25,"2,975,891,456.04","Apr 12, 2024",Fixed Income,Multi Sectors,North America,Developed,United States,Active,4.97,0.69,0.69,0.69,0.69,4.97,1.94,A
115,IBTE,iShares® iBonds® Dec 2024 Term Treasury ETF,-,US46436E8747,46436E874,"Feb 25, 2020",0.07,0.07,"2,877,784,857.06","Apr 12, 2024",Fixed Income,Government,North America,Developed,United States,Passive,4.36,1.16,1.08,1.16,1.08,4.36,0.33,A
116,BINC,BlackRock Flexible Income ETF,-,US0925286033,092528603,"May 19, 2023",0.53,0.4,"2,841,383,472.86","Apr 12, 2024",Fixed Income,Flexible,Global,Developed,Broad,Active,0.00,1.12,0.96,1.12,0.96,0.00,2.87,-
117,EWC,iShares MSCI Canada ETF,-,US4642865095,464286509,"Mar 12, 1996",0.5,0.5,"2,765,112,822.44","Apr 12, 2024",Equity,Large/Mid Cap,North America,Developed,Canada,Passive,2.17,4.33,4.36,4.33,4.36,2.17,-,AA
118,CMF,iShares California Muni Bond ETF,-,US4642883569,464288356,"Oct 04, 2007",0.08,0.08,"2,760,790,910.92","Apr 12, 2024",Fixed Income,Municipals,North America,Developed,United States,Passive,2.46,-0.36,-0.25,-0.36,-0.25,2.46,6.21,-
119,IBDP,iShares® iBonds® Dec 2024 Term Corporate ETF,-,US46434VBG41,46434VBG4,"Mar 11, 2015",0.1,0.1,"2,668,929,478.22","Apr 12, 2024",Fixed Income,Credit,North America,Developed,United States,Passive,3.20,1.32,1.15,1.32,1.15,3.20,0.35,A
120,IBDQ,iShares® iBonds® Dec 2025 Term Corporate ETF,-,US46434VBD10,46434VBD1,"Mar 11, 2015",0.1,0.1,"2,632,551,722.99","Apr 12, 2024",Fixed Income,Credit,North America,Developed,United States,Passive,3.45,0.90,0.82,0.90,0.82,3.45,1.09,A
121,EWU,iShares MSCI United Kingdom ETF,-,US46435G3341,46435G334,"Mar 12, 1996",0.5,0.5,"2,621,891,039.12","Apr 12, 2024",Equity,Large/Mid Cap,Europe,Developed,United Kingdom,Passive,4.02,2.98,3.51,2.98,3.51,4.02,-,AA
122,IBDR,iShares® iBonds® Dec 2026 Term Corporate ETF,-,US46435GAA04,46435GAA0,"Sep 13, 2016",0.1,0.1,"2,545,170,293.37","Apr 12, 2024",Fixed Income,Credit,North America,Developed,United States,Passive,3.65,0.53,0.44,0.53,0.44,3.65,1.98,A
123,IYF,iShares U.S. Financials ETF,-,US4642877884,464287788,"May 22, 2000",0.4,0.4,"2,481,072,928.87","Apr 12, 2024",Equity,All Cap,North America,Developed,United States,Passive,1.46,12.52,12.35,12.52,12.35,1.46,-,BBB
124,ICLN,iShares Global Clean Energy ETF,-,US4642882249,464288224,"Jun 24, 2008",0.41,0.41,"2,321,561,090.14","Apr 12, 2024",Equity,All Cap,Global,Developed,Broad,Passive,1.77,-10.39,-10.21,-10.39,-10.21,1.77,-,A
125,IFRA,iShares U.S. Infrastructure ETF,-,US46435U7138,46435U713,"Apr 03, 2018",0.3,0.3,"2,294,420,482.08","Apr 12, 2024",Equity,All Cap,North America,Developed,United States,Passive,1.80,8.17,8.08,8.17,8.08,1.80,-,A
126,AAXJ,iShares MSCI All Country Asia ex Japan ETF,-,US4642881829,464288182,"Aug 13, 2008",0.7,0.7,"2,283,753,086.03","Apr 12, 2024",Equity,Large/Mid Cap,Asia Pacific,Emerging,Broad,Passive,2.22,2.06,1.77,2.06,1.77,2.22,-,A
127,IBDS,iShares® iBonds® Dec 2027 Term Corporate ETF,-,US46435UAA97,46435UAA9,"Sep 12, 2017",0.1,0.1,"2,248,640,536.01","Apr 12, 2024",Fixed Income,Credit,North America,Developed,United States,Passive,4.04,0.29,0.17,0.29,0.17,4.04,2.86,A
128,USRT,iShares Core U.S. REIT ETF,-,US4642885218,464288521,"May 01, 2007",0.08,0.08,"2,235,410,906.94","Apr 12, 2024",Real Estate,Real Estate Securities,North America,Developed,United States,Passive,3.15,-0.23,-0.40,-0.23,-0.40,3.15,-,BBB
129,IBTF,iShares® iBonds® Dec 2025 Term Treasury ETF,-,US46436E8663,46436E866,"Feb 25, 2020",0.07,0.07,"2,230,983,029.35","Apr 12, 2024",Fixed Income,Government,North America,Developed,United States,Passive,4.15,0.56,0.48,0.56,0.48,4.15,1.18,A
130,IGLB,iShares 10+ Year Investment Grade Corporate Bond ETF,-,US4642895118,464289511,"Dec 08, 2009",0.04,0.04,"2,200,801,889.09","Apr 12, 2024",Fixed Income,Credit,North America,Developed,United States,Passive,4.94,-1.25,-1.45,-1.25,-1.45,4.94,12.54,A
131,SLQD,iShares 0-5 Year Investment Grade Corporate Bond ETF,-,US46434V1008,46434V100,"Oct 15, 2013",0.06,0.06,"2,095,403,330.62","Apr 12, 2024",Fixed Income,Credit,North America,Developed,United States,Passive,3.23,0.67,0.62,0.67,0.62,3.23,2.09,A
132,EWW,iShares MSCI Mexico ETF,-,US4642868222,464286822,"Mar 12, 1996",0.5,0.5,"2,085,724,659.28","Apr 12, 2024",Equity,All Cap,Latin America,Emerging,Mexico,Passive,2.15,1.57,2.15,1.57,2.15,2.15,-,BBB
133,ILCG,iShares Morningstar Growth ETF,-,US4642871192,464287119,"Jun 28, 2004",0.04,0.04,"2,084,348,309.82","Apr 12, 2024",Equity,Large/Mid Cap,North America,Developed,United States,Passive,0.59,11.65,11.44,11.65,11.44,0.59,-,A
134,IWX,iShares Russell Top 200 Value ETF,-,US4642894202,464289420,"Sep 22, 2009",0.2,0.2,"2,061,284,640.99","Apr 12, 2024",Equity,Large Cap,North America,Developed,United States,Passive,2.00,9.38,9.26,9.38,9.26,2.00,-,A
135,IPAC,iShares Core MSCI Pacific ETF,-,US46434V6965,46434V696,"Jun 10, 2014",0.09,0.09,"2,024,983,191.90","Apr 12, 2024",Equity,All Cap,Asia Pacific,Developed,Broad,Passive,2.98,6.25,6.39,6.25,6.39,2.98,-,A
136,IMTM,iShares MSCI Intl Momentum Factor ETF,-,US46434V4499,46434V449,"Jan 13, 2015",0.3,0.3,"2,013,722,400.88","Apr 12, 2024",Equity,Large/Mid Cap,Global,Developed,Broad,Passive,2.00,14.24,14.41,14.24,14.41,2.00,-,AA
137,IMCG,iShares Morningstar Mid-Cap Growth ETF,-,US4642883072,464288307,"Jun 28, 2004",0.06,0.06,"2,001,593,583.92","Apr 12, 2024",Equity,Mid Cap,North America,Developed,United States,Passive,0.78,9.83,9.87,9.83,9.87,0.78,-,A
138,ICF,iShares Cohen & Steers REIT ETF,-,US4642875649,464287564,"Jan 29, 2001",0.33,0.33,"1,972,152,921.13","Apr 12, 2024",Real Estate,Real Estate Securities,North America,Developed,United States,Passive,2.79,-1.26,-1.31,-1.26,-1.31,2.79,-,A
139,EPP,iShares MSCI Pacific ex Japan ETF,-,US4642866655,464286665,"Oct 25, 2001",0.48,0.48,"1,863,845,821.14","Apr 12, 2024",Equity,Large/Mid Cap,Asia Pacific,Developed,Broad,Passive,4.16,-1.63,-1.38,-1.63,-1.38,4.16,-,AA
140,LRGF,iShares U.S. Equity Factor ETF,-,US46434V2824,46434V282,"Apr 28, 2015",0.08,0.08,"1,832,084,602.74","Apr 12, 2024",Equity,Large/Mid Cap,North America,Developed,United States,Passive,1.32,12.01,11.79,12.01,11.79,1.32,-,A
141,ICVT,iShares Convertible Bond ETF,-,US46435G1022,46435G102,"Jun 02, 2015",0.2,0.2,"1,824,613,835.44","Apr 12, 2024",Fixed Income,Credit,North America,Developed,United States,Passive,1.98,1.69,1.90,1.69,1.90,1.98,1.43,A
142,EWA,iShares MSCI Australia ETF,-,US4642861037,464286103,"Mar 12, 1996",0.5,0.5,"1,783,488,554.09","Apr 12, 2024",Equity,Large/Mid Cap,Asia Pacific,Developed,Australia,Passive,3.67,0.91,1.31,0.91,1.31,3.67,-,AA
143,IBDT,iShares® iBonds® Dec 2028 Term Corporate ETF,-,US46435U5157,46435U515,"Sep 18, 2018",0.1,0.1,"1,751,789,374.22","Apr 12, 2024",Fixed Income,Credit,North America,Developed,United States,Passive,4.41,0.15,0.00,0.15,0.00,4.41,3.66,A
144,IVLU,iShares MSCI Intl Value Factor ETF,-,US46435G4091,46435G409,"Jun 16, 2015",0.3,0.3,"1,716,217,749.04","Apr 12, 2024",Equity,Large/Mid Cap,Global,Developed,Broad,Passive,4.41,6.47,6.49,6.47,6.49,4.41,-,A
145,PABU,iShares Paris-Aligned Climate MSCI USA ETF,-,US46436E4118,46436E411,"Feb 08, 2022",0.1,0.1,"1,711,005,055.81","Apr 12, 2024",Equity,Large/Mid Cap,North America,Developed,United States,Passive,0.99,8.34,8.33,8.34,8.33,0.99,-,A
146,FALN,iShares Fallen Angels USD Bond ETF,-,US46435G4745,46435G474,"Jun 14, 2016",0.25,0.25,"1,662,104,919.43","Apr 12, 2024",Fixed Income,High Yield,North America,Developed,United States,Passive,5.73,2.24,2.73,2.24,2.73,5.73,4.90,A
147,IEV,iShares Europe ETF,-,US4642878619,464287861,"Jul 25, 2000",0.67,0.67,"1,642,979,543.18","Apr 12, 2024",Equity,Large/Mid Cap,Europe,Developed,Broad,Passive,2.63,5.18,5.32,5.18,5.32,2.63,-,AA
148,ILF,iShares Latin America 40 ETF,-,US4642873909,464287390,"Oct 25, 2001",0.48,0.48,"1,604,985,237.46","Apr 12, 2024",Equity,Large Cap,Latin America,Emerging,Broad,Passive,4.71,-2.16,-2.13,-2.16,-2.13,4.71,-,BBB
149,IYJ,iShares U.S. Industrials ETF,-,US4642877546,464287754,"Jun 12, 2000",0.4,0.4,"1,583,066,455.95","Apr 12, 2024",Equity,All Cap,North America,Developed,United States,Passive,0.93,10.16,10.14,10.16,10.14,0.93,-,A
150,AIA,iShares Asia 50 ETF,-,US4642884302,464288430,"Nov 13, 2007",0.5,0.5,"1,437,660,061.69","Apr 12, 2024",Equity,Large Cap,Asia Pacific,Developed,Broad,Passive,2.49,4.85,4.73,4.85,4.73,2.49,-,AA
151,LCTU,BlackRock U.S. Carbon Transition Readiness ETF,-,US09290C5094,09290C509,"Apr 06, 2021",0.29,0.14,"1,395,254,920.85","Apr 12, 2024",Equity,Large/Mid Cap,North America,Developed,United States,Active,1.31,10.23,10.02,10.23,10.02,1.31,-,A
152,IYE,iShares U.S. Energy ETF,-,US4642877967,464287796,"Jun 12, 2000",0.4,0.4,"1,381,470,928.08","Apr 12, 2024",Equity,All Cap,North America,Developed,United States,Passive,2.51,12.63,12.65,12.63,12.65,2.51,-,A
153,EUFN,iShares MSCI Europe Financials ETF,-,US4642891802,464289180,"Jan 20, 2010",0.51,0.51,"1,369,235,130.48","Apr 12, 2024",Equity,All Cap,Europe,Developed,Broad,Passive,4.62,8.34,8.49,8.34,8.49,4.62,-,AA
154,IWL,iShares Russell Top 200 ETF,-,US4642894467,464289446,"Sep 22, 2009",0.15,0.15,"1,301,233,860.81","Apr 12, 2024",Equity,Large Cap,North America,Developed,United States,Passive,1.16,10.79,10.74,10.79,10.74,1.16,-,A
155,IYG,iShares U.S. Financial Services ETF,-,US4642877702,464287770,"Jun 12, 2000",0.4,0.4,"1,279,122,692.52","Apr 12, 2024",Equity,All Cap,North America,Developed,United States,Passive,3.80,11.57,11.32,11.57,11.32,3.80,-,BBB
156,IBDU,iShares® iBonds® Dec 2029 Term Corporate ETF,-,US46436E2054,46436E205,"Sep 17, 2019",0.1,0.1,"1,266,623,377.66","Apr 12, 2024",Fixed Income,Credit,North America,Developed,United States,Passive,4.52,-0.16,-0.33,-0.16,-0.33,4.52,4.44,A
157,IYK,iShares U.S. Consumer Staples ETF,-,US4642878122,464287812,"Jun 12, 2000",0.4,0.4,"1,264,581,602.09","Apr 12, 2024",Equity,All Cap,North America,Developed,United States,Passive,6.92,6.27,6.28,6.27,6.28,6.92,-,A
158,IAUM,iShares Gold Trust Micro,-,US46436F1030,46436F103,"Jun 15, 2021",0.09,0.09,"1,199,555,623.74","Apr 12, 2024",Commodities & Digital Assets,Precious Metals,Global,Developed,Broad,Passive,-,7.35,7.62,7.35,7.62,-,-,-
159,PICK,iShares MSCI Global Metals & Mining Producers ETF,-,US46434G8481,46434G848,"Jan 31, 2012",0.39,0.39,"1,156,542,415.32","Apr 12, 2024",Equity,All Cap,Global,Developed,Broad,Passive,4.32,-3.45,-3.18,-3.45,-3.18,4.32,-,A
160,GSG,iShares S&P GSCI Commodity-Indexed Trust,-,US46428R1077,46428R107,"Jul 10, 2006",0.75,0.75,"1,080,752,311.59","Apr 12, 2024",Commodities & Digital Assets,Multi Commodity,Global,Developed,Broad,Passive,-,10.06,9.97,10.06,9.97,-,-,-
161,SUSC,iShares ESG Aware USD Corporate Bond ETF,-,US46435G1931,46435G193,"Jul 11, 2017",0.18,0.18,"1,074,820,329.61","Apr 12, 2024",Fixed Income,Credit,North America,Developed,United States,Passive,4.11,-0.42,-0.51,-0.42,-0.51,4.11,6.87,AA
162,QLTA,iShares Aaa - A Rated Corporate Bond ETF,-,US46429B2916,46429B291,"Feb 14, 2012",0.15,0.15,"1,049,282,327.59","Apr 12, 2024",Fixed Income,Credit,North America,Developed,United States,Passive,3.74,-0.66,-0.71,-0.66,-0.71,3.74,6.90,A
163,INTF,iShares International Equity Factor ETF,-,US46434V2741,46434V274,"Apr 28, 2015",0.15,0.15,"1,044,039,812.42","Apr 12, 2024",Equity,Large/Mid Cap,Global,Developed,Broad,Passive,3.38,6.31,6.46,6.31,6.46,3.38,-,AA
164,IAI,iShares U.S. Broker-Dealers & Securities Exchanges ETF,-,US4642887941,464288794,"May 01, 2006",0.4,0.4,"1,034,957,159.95","Apr 12, 2024",Equity,All Cap,North America,Developed,United States,Passive,1.62,7.29,7.22,7.29,7.22,1.62,-,A
165,SMMD,iShares Russell 2500 ETF,-,US46435G2681,46435G268,"Jul 06, 2017",0.23,0.15,"1,027,415,970.67","Apr 12, 2024",Equity,Mid/Small Cap,North America,Developed,United States,Passive,1.32,6.82,6.83,6.82,6.83,1.32,-,A
166,EWP,iShares MSCI Spain ETF,-,US4642867646,464286764,"Mar 12, 1996",0.5,0.5,"1,015,334,924.64","Apr 12, 2024",Equity,Large/Mid Cap,Europe,Developed,Spain,Passive,2.57,5.30,5.06,5.30,5.06,2.57,-,AA
167,EWL,iShares MSCI Switzerland ETF,-,US4642867497,464286749,"Mar 12, 1996",0.5,0.5,"1,007,981,470.93","Apr 12, 2024",Equity,Large/Mid Cap,Europe,Developed,Switzerland,Passive,2.15,-1.44,-1.39,-1.44,-1.39,2.15,-,AA
168,IBTG,iShares® iBonds® Dec 2026 Term Treasury ETF,-,US46436E8580,46436E858,"Feb 25, 2020",0.07,0.07,"998,778,826.40","Apr 12, 2024",Fixed Income,Government,North America,Developed,United States,Passive,3.81,-0.01,-0.02,-0.01,-0.02,3.81,2.08,A
169,IYC,iShares U.S. Consumer Discretionary ETF,-,US4642875805,464287580,"Jun 12, 2000",0.4,0.4,"993,838,938.58","Apr 12, 2024",Equity,All Cap,North America,Developed,United States,Passive,0.61,8.38,8.34,8.38,8.34,0.61,-,A
170,SMLF,iShares U.S. Small-Cap Equity Factor ETF,-,US46434V2907,46434V290,"Apr 28, 2015",0.15,0.15,"989,336,576.98","Apr 12, 2024",Equity,Small Cap,North America,Developed,United States,Passive,1.04,8.65,8.38,8.65,8.38,1.04,-,A
171,EWG,iShares MSCI Germany ETF,-,US4642868065,464286806,"Mar 12, 1996",0.5,0.5,"980,937,283.47","Apr 12, 2024",Equity,Large/Mid Cap,Europe,Developed,Germany,Passive,2.40,6.94,6.94,6.94,6.94,2.40,-,AA
172,CRBN,iShares MSCI ACWI Low Carbon Target ETF,-,US46434V4648,46434V464,"Dec 08, 2014",0.2,0.2,"907,279,249.43","Apr 12, 2024",Equity,Large/Mid Cap,Global,Developed,Broad,Passive,1.86,8.34,8.47,8.34,8.47,1.86,-,A
173,ILCV,iShares Morningstar Value ETF,-,US4642881092,464288109,"Jun 28, 2004",0.04,0.04,"898,433,405.15","Apr 12, 2024",Equity,Large/Mid Cap,North America,Developed,United States,Passive,2.07,9.41,9.34,9.41,9.34,2.07,-,A
174,IEO,iShares U.S. Oil & Gas Exploration & Production ETF,-,US4642888519,464288851,"May 01, 2006",0.4,0.4,"893,276,863.21","Apr 12, 2024",Equity,All Cap,North America,Developed,United States,Passive,2.44,15.44,15.44,15.44,15.44,2.44,-,A
175,TLTW,iShares 20+ Year Treasury Bond BuyWrite Strategy ETF,-,US46436E3383,46436E338,"Aug 18, 2022",0.35,0.35,"882,888,685.49","Apr 12, 2024",Fixed Income,Government,North America,Developed,United States,Passive,17.59,-0.90,-0.91,-0.90,-0.91,17.59,16.43,A
176,ILCB,iShares Morningstar U.S. Equity ETF,-,US4642871275,464287127,"Jun 28, 2004",0.03,0.03,"873,181,081.26","Apr 12, 2024",Equity,Large/Mid Cap,North America,Developed,United States,Passive,1.29,10.57,10.52,10.57,10.52,1.29,-,A
177,IYT,iShares U.S. Transportation ETF,-,US4642871929,464287192,"Oct 06, 2003",0.4,0.4,"868,483,173.68","Apr 12, 2024",Equity,All Cap,North America,Developed,United States,Passive,3.82,7.64,7.59,7.64,7.59,3.82,-,A
178,IWC,iShares Micro-Cap ETF,-,US4642888691,464288869,"Aug 12, 2005",0.6,0.6,"867,414,280.06","Apr 12, 2024",Equity,Small Cap,North America,Developed,United States,Passive,1.11,4.60,4.67,4.60,4.67,1.11,-,BBB
179,INDY,iShares India 50 ETF,-,US4642895290,464289529,"Nov 18, 2009",0.89,0.89,"865,581,256.13","Apr 12, 2024",Equity,Large Cap,Asia Pacific,Emerging,India,Passive,0.00,2.75,2.42,2.75,2.42,0.00,-,BBB
180,IDU,iShares U.S. Utilities ETF,-,US4642876977,464287697,"Jun 12, 2000",0.4,0.4,"863,009,905.75","Apr 12, 2024",Equity,All Cap,North America,Developed,United States,Passive,2.55,6.50,6.33,6.50,6.33,2.55,-,A
181,SMIN,iShares MSCI India Small-Cap ETF,-,US46429B6149,46429B614,"Feb 08, 2012",0.79,0.79,"862,866,761.13","Apr 12, 2024",Equity,Small Cap,Asia Pacific,Emerging,India,Passive,0.00,0.50,0.69,0.50,0.69,0.00,-,-
182,SUSB,iShares ESG Aware 1-5 Year USD Corporate Bond ETF,-,US46435G2434,46435G243,"Jul 11, 2017",0.12,0.12,"852,420,428.86","Apr 12, 2024",Fixed Income,Credit,North America,Developed,United States,Passive,3.07,0.57,0.55,0.57,0.55,3.07,2.57,AA
183,IBDV,iShares® iBonds® Dec 2030 Term Corporate ETF,-,US46436E7269,46436E726,"Jun 23, 2020",0.1,0.1,"844,562,377.92","Apr 12, 2024",Fixed Income,Credit,North America,Developed,United States,Passive,4.47,-0.22,-0.36,-0.22,-0.36,4.47,5.32,A
184,IMCB,iShares Morningstar Mid-Cap ETF,-,US4642882082,464288208,"Jun 28, 2004",0.04,0.04,"837,845,419.09","Apr 12, 2024",Equity,Mid Cap,North America,Developed,United States,Passive,1.43,8.88,8.85,8.88,8.85,1.43,-,A
185,KSA,iShares MSCI Saudi Arabia ETF,-,US46434V4234,46434V423,"Sep 16, 2015",0.74,0.74,"834,994,869.67","Apr 12, 2024",Equity,All Cap,Middle East and Africa,Emerging,Saudi Arabia,Passive,2.33,5.10,4.32,5.10,4.32,2.33,-,BB
186,KXI,iShares Global Consumer Staples ETF,-,US4642887370,464288737,"Sep 12, 2006",0.41,0.41,"831,762,901.54","Apr 12, 2024",Equity,All Cap,Global,Developed,Broad,Passive,2.90,3.01,2.94,3.01,2.94,2.90,-,AA
187,IHAK,iShares Cybersecurity and Tech ETF,-,US46435U1354,46435U135,"Jun 11, 2019",0.47,0.47,"817,117,361.50","Apr 12, 2024",Equity,Large/Mid Cap,Global,Developed,Broad,Passive,0.13,3.25,3.13,3.25,3.13,0.13,-,A
188,IHF,iShares U.S. Healthcare Providers ETF,-,US4642888287,464288828,"May 01, 2006",0.4,0.4,"785,328,199.47","Apr 12, 2024",Equity,All Cap,North America,Developed,United States,Passive,3.09,4.18,4.07,4.18,4.07,3.09,-,AA
189,IBDW,iShares® iBonds® Dec 2031 Term Corporate ETF,-,US46436E4860,46436E486,"Jun 22, 2021",0.1,0.1,"783,139,184.92","Apr 12, 2024",Fixed Income,Credit,North America,Developed,United States,Passive,4.85,-0.35,-0.55,-0.35,-0.55,4.85,6.13,A
190,IBTH,iShares® iBonds® Dec 2027 Term Treasury ETF,-,US46436E8416,46436E841,"Feb 25, 2020",0.07,0.07,"776,015,485.11","Apr 12, 2024",Fixed Income,Government,North America,Developed,United States,Passive,3.83,-0.38,-0.36,-0.38,-0.36,3.83,2.99,A
191,SMMV,iShares MSCI USA Small-Cap Min Vol Factor ETF,-,US46435G4331,46435G433,"Sep 07, 2016",0.2,0.2,"751,122,149.68","Apr 12, 2024",Equity,Small Cap,North America,Developed,United States,Passive,1.53,5.42,5.28,5.42,5.28,1.53,-,BBB
192,EUSA,iShares MSCI USA Equal Weighted ETF,-,US4642866812,464286681,"May 05, 2010",0.09,0.09,"727,934,036.19","Apr 12, 2024",Equity,Large/Mid Cap,North America,Developed,United States,Passive,1.42,8.21,8.12,8.21,8.12,1.42,-,A
193,DVYE,iShares Emerging Markets Dividend ETF,-,US4642863199,464286319,"Feb 23, 2012",0.49,0.49,"689,204,187.41","Apr 12, 2024",Equity,All Cap,Global,Emerging,Broad,Passive,9.23,-1.15,-0.85,-1.15,-0.85,9.23,-,BBB
194,COMT,iShares GSCI Commodity Dynamic Roll Strategy ETF,-,US46431W8534,46431W853,"Oct 15, 2014",0.49,0.48,"674,095,747.04","Apr 12, 2024",Commodities & Digital Assets,Multi Commodity,Global,Developed,Broad,Passive,4.81,7.85,7.70,7.85,7.70,4.81,-,-
195,NYF,iShares New York Muni Bond ETF,-,US4642883239,464288323,"Oct 04, 2007",0.25,0.25,"673,933,225.79","Apr 12, 2024",Fixed Income,Municipals,North America,Developed,United States,Passive,2.50,-0.51,-0.08,-0.51,-0.08,2.50,6.03,-
196,IYM,iShares U.S. Basic Materials ETF,-,US4642878387,464287838,"Jun 12, 2000",0.4,0.4,"661,601,489.14","Apr 12, 2024",Equity,All Cap,North America,Developed,United States,Passive,1.66,7.34,7.26,7.34,7.26,1.66,-,A
197,IHE,iShares U.S. Pharmaceuticals ETF,-,US4642888360,464288836,"May 01, 2006",0.4,0.4,"659,877,301.57","Apr 12, 2024",Equity,All Cap,North America,Developed,United States,Passive,3.20,10.40,10.30,10.40,10.30,3.20,-,A
198,EWQ,iShares MSCI France ETF,-,US4642867075,464286707,"Mar 12, 1996",0.5,0.5,"650,122,669.41","Apr 12, 2024",Equity,Large/Mid Cap,Europe,Developed,France,Passive,2.58,5.55,5.69,5.55,5.69,2.58,-,AA
199,IRBO,iShares Robotics and Artificial Intelligence Multisector ETF,-,US46435U5561,46435U556,"Jun 26, 2018",0.47,0.47,"649,349,179.80","Apr 12, 2024",Equity,All Cap,Global,Developed,Broad,Passive,0.88,-0.56,-0.43,-0.56,-0.43,0.88,-,A
200,MEAR,BlackRock Short Maturity Municipal Bond ETF,-,US46431W8385,46431W838,"Mar 03, 2015",0.25,0.25,"637,311,679.10","Apr 12, 2024",Fixed Income,Municipals,North America,Developed,United States,Active,3.36,0.72,0.83,0.72,0.83,3.36,0.57,-
201,IGRO,iShares International Dividend Growth ETF,-,US46435G5247,46435G524,"May 17, 2016",0.15,0.15,"636,692,614.20","Apr 12, 2024",Equity,Large/Mid Cap,Global,Developed,Broad,Passive,2.77,4.44,4.79,4.44,4.79,2.77,-,AA
202,DMXF,iShares ESG Advanced MSCI EAFE ETF,-,US46436E7590,46436E759,"Jun 16, 2020",0.12,0.12,"630,196,913.68","Apr 12, 2024",Equity,Large Cap,Global,Developed,Broad,Passive,2.15,6.51,6.65,6.51,6.65,2.15,-,AA
203,AGZ,iShares Agency Bond ETF,-,US4642881662,464288166,"Nov 05, 2008",0.2,0.2,"613,376,297.88","Apr 12, 2024",Fixed Income,Government,North America,Developed,United States,Passive,3.32,0.03,0.21,0.03,0.21,3.32,3.17,BBB
204,IGEB,iShares Investment Grade Systematic Bond ETF,-,US46435G2194,46435G219,"Jul 11, 2017",0.18,0.18,"609,102,551.79","Apr 12, 2024",Fixed Income,Credit,North America,Developed,United States,Passive,4.94,0.05,-0.09,0.05,-0.09,4.94,6.50,A
205,EUSB,iShares ESG Advanced Total USD Bond Market ETF,-,US46436E6196,46436E619,"Jun 23, 2020",0.13,0.12,"608,015,887.23","Apr 12, 2024",Fixed Income,Multi Sectors,North America,Developed,United States,Passive,3.29,-0.60,-0.44,-0.60,-0.44,3.29,5.66,A
206,REZ,iShares Residential and Multisector Real Estate ETF,-,US4642885622,464288562,"May 01, 2007",0.48,0.48,"603,788,233.58","Apr 12, 2024",Real Estate,Real Estate Securities,North America,Developed,United States,Passive,2.92,-1.49,-1.55,-1.49,-1.55,2.92,-,BBB
207,IAT,iShares U.S. Regional Banks ETF,-,US4642887784,464288778,"May 01, 2006",0.4,0.4,"602,460,719.34","Apr 12, 2024",Equity,All Cap,North America,Developed,United States,Passive,3.68,4.46,4.42,4.46,4.42,3.68,-,A
208,ILTB,iShares Core 10+ Year USD Bond ETF,-,US4642894798,464289479,"Dec 08, 2009",0.06,0.06,"599,496,219.43","Apr 12, 2024",Fixed Income,Multi Sectors,North America,Developed,United States,Passive,4.76,-1.95,-2.06,-1.95,-2.06,4.76,13.31,A
209,IGE,iShares North American Natural Resources ETF,-,US4642873743,464287374,"Oct 22, 2001",0.41,0.41,"599,171,097.36","Apr 12, 2024",Equity,All Cap,North America,Developed,Broad,Passive,2.43,11.04,11.04,11.04,11.04,2.43,-,A
210,IMCV,iShares Morningstar Mid-Cap Value ETF,-,US4642884062,464288406,"Jun 28, 2004",0.06,0.06,"597,057,466.74","Apr 12, 2024",Equity,Mid Cap,North America,Developed,United States,Passive,2.08,7.74,7.62,7.74,7.62,2.08,-,A
211,EMGF,iShares Emerging Markets Equity Factor ETF,-,US46434G8895,46434G889,"Dec 08, 2015",0.25,0.25,"592,946,074.82","Apr 12, 2024",Equity,Large/Mid Cap,Global,Emerging,Broad,Passive,5.73,3.92,3.92,3.92,3.92,5.73,-,BBB
212,REM,iShares Mortgage Real Estate ETF,-,US46435G3424,46435G342,"May 01, 2007",0.48,0.48,"588,185,495.65","Apr 12, 2024",Real Estate,Real Estate Securities,North America,Developed,United States,Passive,9.47,-1.06,-0.98,-1.06,-0.98,9.47,-,BB
213,IAK,iShares U.S. Insurance ETF,-,US4642887867,464288786,"May 01, 2006",0.4,0.4,"586,840,086.32","Apr 12, 2024",Equity,All Cap,North America,Developed,United States,Passive,1.34,17.59,17.67,17.59,17.67,1.34,-,BBB
214,ECH,iShares MSCI Chile ETF,-,US4642866408,464286640,"Nov 12, 2007",0.59,0.59,"584,265,248.55","Apr 12, 2024",Equity,All Cap,Latin America,Emerging,Chile,Passive,5.04,-5.07,-5.81,-5.07,-5.81,5.04,-,A
215,EXI,iShares Global Industrials ETF,-,US4642887297,464288729,"Sep 12, 2006",0.42,0.42,"563,407,199.40","Apr 12, 2024",Equity,All Cap,Global,Developed,Broad,Passive,1.68,9.58,9.62,9.58,9.62,1.68,-,AA
216,IBDX,iShares® iBonds® Dec 2032 Term Corporate ETF,-,US46436E3128,46436E312,"Jun 28, 2022",0.1,0.1,"552,538,874.81","Apr 12, 2024",Fixed Income,Credit,North America,Developed,United States,Passive,4.92,-0.62,-0.85,-0.62,-0.85,4.92,6.63,A
217,ISCF,iShares International Small-Cap Equity Factor ETF,-,US46434V2667,46434V266,"Apr 28, 2015",0.23,0.23,"551,894,022.71","Apr 12, 2024",Equity,Small Cap,Global,Developed,Broad,Passive,3.83,2.84,2.65,2.84,2.65,3.83,-,A
218,ISCG,iShares Morningstar Small-Cap Growth ETF,-,US4642886042,464288604,"Jun 28, 2004",0.06,0.06,"539,649,003.26","Apr 12, 2024",Equity,Small Cap,North America,Developed,United States,Passive,0.68,6.24,5.98,6.24,5.98,0.68,-,BBB
219,HYDB,iShares High Yield Systematic Bond ETF,-,US46435G2509,46435G250,"Jul 11, 2017",0.35,0.35,"534,875,238.51","Apr 12, 2024",Fixed Income,High Yield,North America,Developed,United States,Passive,7.12,1.90,2.18,1.90,2.18,7.12,3.50,BBB
220,IBMN,iShares® iBonds® Dec 2025 Term Muni Bond ETF,-,US46435U4325,46435U432,"Nov 13, 2018",0.18,0.18,"534,713,876.52","Apr 12, 2024",Fixed Income,Municipals,North America,Developed,United States,Passive,1.82,-0.01,-0.01,-0.01,-0.01,1.82,1.17,-
221,IGOV,iShares International Treasury Bond ETF,-,US4642881175,464288117,"Jan 21, 2009",0.35,0.35,"514,416,602.39","Apr 12, 2024",Fixed Income,Government,Global,Developed,Broad,Passive,0.00,-4.00,-4.11,-4.00,-4.11,0.00,8.00,A
222,EIDO,iShares MSCI Indonesia ETF,-,US46429B3096,46429B309,"May 05, 2010",0.59,0.59,"489,376,429.30","Apr 12, 2024",Equity,All Cap,Asia Pacific,Emerging,Indonesia,Passive,2.91,1.68,0.94,1.68,0.94,2.91,-,BBB
223,IBMM,iShares® iBonds® Dec 2024 Term Muni Bond ETF,-,US46435U6973,46435U697,"Mar 20, 2018",0.18,0.18,"482,523,275.84","Apr 12, 2024",Fixed Income,Municipals,North America,Developed,United States,Passive,1.76,0.45,0.38,0.45,0.38,1.76,0.29,-
224,IBHE,iShares® iBonds® 2025 Term High Yield and Income ETF,-,US46435U1685,46435U168,"May 07, 2019",0.35,0.35,"482,193,345.52","Apr 12, 2024",Fixed Income,High Yield,North America,Developed,United States,Passive,7.26,2.38,2.45,2.38,2.45,7.26,0.89,BBB
225,EWH,iShares MSCI Hong Kong ETF,-,US4642868719,464286871,"Mar 12, 1996",0.5,0.5,"479,620,065.94","Apr 12, 2024",Equity,Large/Mid Cap,Asia Pacific,Developed,Hong Kong,Passive,4.78,-10.58,-10.48,-10.58,-10.48,4.78,-,A
226,RING,iShares MSCI Global Gold Miners ETF,-,US46434G8556,46434G855,"Jan 31, 2012",0.39,0.39,"474,734,358.34","Apr 12, 2024",Equity,All Cap,Global,Developed,Broad,Passive,1.96,2.10,2.89,2.10,2.89,1.96,-,A
227,IBHD,iShares® iBonds® 2024 Term High Yield and Income ETF,-,US46435U1842,46435U184,"May 07, 2019",0.35,0.35,"472,323,436.58","Apr 12, 2024",Fixed Income,High Yield,North America,Developed,United States,Passive,6.83,1.77,1.58,1.77,1.58,6.83,0.43,BBB
228,IBTI,iShares® iBonds® Dec 2028 Term Treasury ETF,-,US46436E8333,46436E833,"Feb 25, 2020",0.07,0.07,"456,943,273.26","Apr 12, 2024",Fixed Income,Government,North America,Developed,United States,Passive,3.61,-0.60,-0.63,-0.60,-0.63,3.61,3.90,A
229,IBMO,iShares® iBonds® Dec 2026 Term Muni Bond ETF,-,US46435U2592,46435U259,"Apr 02, 2019",0.18,0.18,"449,189,633.48","Apr 12, 2024",Fixed Income,Municipals,North America,Developed,United States,Passive,1.78,-0.30,-0.30,-0.30,-0.30,1.78,1.92,-
230,FM,iShares Frontier and Select EM ETF,-,US4642861458,464286145,"Sep 12, 2012",0.79,0.79,"437,071,978.36","Apr 12, 2024",Equity,All Cap,Global,Frontier,Broad,Active,3.31,8.98,8.94,8.98,8.94,3.31,-,-
231,LEMB,iShares J.P. Morgan EM Local Currency Bond ETF,-,US4642865178,464286517,"Oct 18, 2011",0.3,0.3,"436,789,661.06","Apr 12, 2024",Fixed Income,Government,Global,Emerging,Broad,Passive,1.37,-1.78,-1.77,-1.78,-1.77,1.37,4.96,BBB
232,CMBS,iShares CMBS ETF,-,US46429B3666,46429B366,"Feb 14, 2012",0.25,0.25,"432,533,694.27","Apr 12, 2024",Fixed Income,Mortgages,North America,Developed,United States,Passive,3.12,0.83,1.18,0.83,1.18,3.12,4.14,-
233,CEMB,iShares J.P. Morgan EM Corporate Bond ETF,-,US4642862514,464286251,"Apr 17, 2012",0.5,0.5,"425,560,659.61","Apr 12, 2024",Fixed Income,Credit,Global,Emerging,Broad,Passive,4.98,1.95,1.61,1.95,1.61,4.98,4.42,BBB
234,EWS,iShares MSCI Singapore ETF,-,US46434G7806,46434G780,"Mar 12, 1996",0.5,0.5,"420,341,221.48","Apr 12, 2024",Equity,Large/Mid Cap,Asia Pacific,Developed,Singapore,Passive,6.63,-1.66,-1.82,-1.66,-1.82,6.63,-,A
235,IBMP,iShares® iBonds® Dec 2027 Term Muni Bond ETF,-,US46435U2832,46435U283,"Apr 09, 2019",0.18,0.18,"418,823,173.64","Apr 12, 2024",Fixed Income,Municipals,North America,Developed,United States,Passive,2.14,-0.57,-0.61,-0.57,-0.61,2.14,2.72,-
236,EWI,iShares MSCI Italy ETF,-,US46434G8309,46434G830,"Mar 12, 1996",0.5,0.5,"406,995,477.10","Apr 12, 2024",Equity,Large/Mid Cap,Europe,Developed,Italy,Passive,3.06,11.30,11.17,11.30,11.17,3.06,-,A
237,HEZU,iShares Currency Hedged MSCI Eurozone ETF,-,US46434V6395,46434V639,"Jul 09, 2014",1.12,0.53,"406,428,655.74","Apr 12, 2024",Equity,Large/Mid Cap,Europe,Developed,Broad,Passive,2.28,10.44,10.42,10.44,10.42,2.28,-,AA
238,EEMA,iShares MSCI Emerging Markets Asia ETF,-,US4642864262,464286426,"Feb 08, 2012",0.49,0.49,"405,676,529.80","Apr 12, 2024",Equity,Large/Mid Cap,Asia Pacific,Emerging,Broad,Passive,2.18,3.15,3.03,3.15,3.03,2.18,-,A
239,ISCV,iShares Morningstar Small-Cap Value ETF,-,US4642887032,464288703,"Jun 28, 2004",0.06,0.06,"402,349,431.20","Apr 12, 2024",Equity,Small Cap,North America,Developed,United States,Passive,2.07,3.88,3.80,3.88,3.80,2.07,-,BBB
240,TECB,iShares U.S. Tech Breakthrough Multisector ETF,-,US46436E5024,46436E502,"Jan 08, 2020",0.4,0.4,"397,571,750.27","Apr 12, 2024",Equity,All Cap,North America,Developed,United States,Passive,0.24,11.67,11.67,11.67,11.67,0.24,-,A
241,IBDY,iShares® iBonds® Dec 2033 Term Corporate ETF,-,US46436E1304,46436E130,"Jun 21, 2023",0.1,0.1,"386,021,697.39","Apr 12, 2024",Fixed Income,Credit,North America,Developed,United States,Passive,0.00,-0.76,-0.63,-0.76,-0.63,0.00,7.03,A
242,IXG,iShares Global Financials ETF,-,US4642873339,464287333,"Nov 12, 2001",0.42,0.42,"385,451,869.24","Apr 12, 2024",Equity,All Cap,Global,Developed,Broad,Passive,2.38,10.21,10.27,10.21,10.27,2.38,-,A
243,EMHY,iShares J.P. Morgan EM High Yield Bond ETF,-,US4642862852,464286285,"Apr 03, 2012",0.5,0.5,"382,999,880.91","Apr 12, 2024",Fixed Income,High Yield,Global,Emerging,Broad,Passive,6.62,4.35,4.16,4.35,4.16,6.62,4.97,BB
244,EEMS,iShares MSCI Emerging Markets Small-Cap ETF,-,US4642864759,464286475,"Aug 16, 2011",0.7,0.7,"365,542,790.25","Apr 12, 2024",Equity,Small Cap,Global,Emerging,Broad,Passive,2.65,1.25,1.80,1.25,1.80,2.65,-,BB
245,HYBB,iShares BB Rated Corporate Bond ETF,-,US46435U4739,46435U473,"Oct 06, 2020",0.25,0.25,"365,354,159.92","Apr 12, 2024",Fixed Income,High Yield,North America,Developed,United States,Passive,6.11,1.16,1.48,1.16,1.48,6.11,3.69,A
246,IBHF,iShares® iBonds® 2026 Term High Yield and Income ETF,-,US46436E5289,46436E528,"Nov 10, 2020",0.35,0.35,"354,731,631.00","Apr 12, 2024",Fixed Income,High Yield,North America,Developed,United States,Passive,7.46,1.56,1.86,1.56,1.86,7.46,1.54,BBB
247,LCTD,BlackRock World ex U.S. Carbon Transition Readiness ETF,-,US09290C6084,09290C608,"Apr 06, 2021",0.35,0.2,"352,541,620.40","Apr 12, 2024",Equity,Large/Mid Cap,Global,Developed,Broad,Active,3.03,4.55,4.46,4.55,4.46,3.03,-,AA
248,BGRN,iShares USD Green Bond ETF,-,US46435U4408,46435U440,"Nov 13, 2018",0.2,0.2,"345,427,611.65","Apr 12, 2024",Fixed Income,Credit,North America,Developed,United States,Passive,3.73,-0.11,-0.09,-0.11,-0.09,3.73,5.02,A
249,SIZE,iShares MSCI USA Size Factor ETF,-,US46432F3709,46432F370,"Apr 16, 2013",0.15,0.15,"340,243,770.64","Apr 12, 2024",Equity,Large/Mid Cap,North America,Developed,United States,Passive,1.38,8.15,8.31,8.15,8.31,1.38,-,A
250,DIVB,iShares Core Dividend ETF,-,US46435U8615,46435U861,"Nov 07, 2017",0.05,0.05,"332,673,713.35","Apr 12, 2024",Equity,All Cap,North America,Developed,United States,Passive,2.79,8.98,9.02,8.98,9.02,2.79,-,A
251,GNMA,iShares GNMA Bond ETF,-,US46429B3336,46429B333,"Feb 14, 2012",0.11,0.1,"323,546,411.19","Apr 12, 2024",Fixed Income,Mortgages,North America,Developed,United States,Passive,3.79,-1.08,-1.28,-1.08,-1.28,3.79,5.63,-
252,LQDH,iShares Interest Rate Hedged Corporate Bond ETF,-,US46431W7056,46431W705,"May 27, 2014",0.43,0.23,"322,763,556.14","Apr 12, 2024",Fixed Income,Credit,North America,Developed,United States,Passive,8.09,2.42,2.42,2.42,2.42,8.09,-0.02,A
253,HEWJ,iShares Currency Hedged MSCI Japan ETF,-,US46434V8862,46434V886,"Jan 31, 2014",1.03,0.5,"320,029,124.75","Apr 12, 2024",Equity,Large/Mid Cap,Asia Pacific,Developed,Japan,Passive,1.68,20.44,20.45,20.44,20.45,1.68,-,AA
254,IBMQ,iShares® iBonds® Dec 2028 Term Muni Bond ETF,-,US46435U3251,46435U325,"Apr 16, 2019",0.18,0.18,"313,777,483.15","Apr 12, 2024",Fixed Income,Municipals,North America,Developed,United States,Passive,2.06,-0.73,-0.88,-0.73,-0.88,2.06,3.54,-
255,EPOL,iShares MSCI Poland ETF,-,US46429B6065,46429B606,"May 25, 2010",0.59,0.59,"309,433,646.59","Apr 12, 2024",Equity,All Cap,Europe,Emerging,Poland,Passive,2.77,3.45,4.15,3.45,4.15,2.77,-,A
256,SDG,iShares MSCI Global Sustainable Development Goals ETF,-,US46435G5320,46435G532,"Apr 20, 2016",0.49,0.49,"292,861,235.79","Apr 12, 2024",Equity,Large/Mid Cap,Global,Developed,Broad,Passive,1.82,-3.14,-2.89,-3.14,-2.89,1.82,-,AA
257,IEZ,iShares U.S. Oil Equipment & Services ETF,-,US4642888444,464288844,"May 01, 2006",0.4,0.4,"288,558,855.74","Apr 12, 2024",Equity,All Cap,North America,Developed,United States,Passive,0.99,8.26,8.29,8.26,8.29,0.99,-,A
258,EWN,iShares MSCI Netherlands ETF,-,US4642868149,464286814,"Mar 12, 1996",0.5,0.5,"282,570,993.71","Apr 12, 2024",Equity,All Cap,Europe,Developed,Netherlands,Passive,1.62,10.99,10.87,10.99,10.87,1.62,-,AA
259,EDEN,iShares MSCI Denmark ETF,-,US46429B5232,46429B523,"Jan 25, 2012",0.53,0.53,"282,411,061.13","Apr 12, 2024",Equity,All Cap,Europe,Developed,Denmark,Passive,1.76,8.79,8.93,8.79,8.93,1.76,-,AA
260,IXP,iShares Global Comm Services ETF,-,US4642872752,464287275,"Nov 12, 2001",0.42,0.42,"273,342,267.20","Apr 12, 2024",Equity,All Cap,Global,Developed,Broad,Passive,1.10,12.83,12.77,12.83,12.77,1.10,-,BBB
261,EWD,iShares MSCI Sweden ETF,-,US4642867562,464286756,"Mar 12, 1996",0.54,0.54,"273,024,041.35","Apr 12, 2024",Equity,Large/Mid Cap,Europe,Developed,Sweden,Passive,2.39,1.15,1.24,1.15,1.24,2.39,-,AA
262,EWJV,iShares MSCI Japan Value ETF,-,US46435U3749,46435U374,"Mar 05, 2019",0.15,0.15,"264,381,534.01","Apr 12, 2024",Equity,Large/Mid Cap,Asia Pacific,Developed,Japan,Passive,2.92,13.81,13.88,13.81,13.88,2.92,-,AA
263,EZA,iShares MSCI South Africa ETF,-,US4642867802,464286780,"Feb 03, 2003",0.59,0.59,"264,147,375.67","Apr 12, 2024",Equity,Large/Mid Cap,Middle East and Africa,Emerging,South Africa,Passive,3.03,-6.92,-6.27,-6.92,-6.27,3.03,-,AA
264,RXI,iShares Global Consumer Discretionary ETF,-,US4642887453,464288745,"Sep 12, 2006",0.41,0.41,"257,675,567.70","Apr 12, 2024",Equity,All Cap,Global,Developed,Broad,Passive,0.95,5.70,5.54,5.70,5.54,0.95,-,A
265,MXI,iShares Global Materials ETF,-,US4642886950,464288695,"Sep 12, 2006",0.41,0.41,"255,028,059.97","Apr 12, 2024",Equity,All Cap,Global,Developed,Broad,Passive,2.85,2.36,2.50,2.36,2.50,2.85,-,A
266,EWM,iShares MSCI Malaysia ETF,-,US46434G8143,46434G814,"Mar 12, 1996",0.5,0.5,"252,450,069.77","Apr 12, 2024",Equity,Large/Mid Cap,Asia Pacific,Emerging,Malaysia,Passive,3.38,2.60,2.54,2.60,2.54,3.38,-,A
267,THD,iShares MSCI Thailand ETF,-,US4642866242,464286624,"Mar 26, 2008",0.59,0.59,"251,646,333.91","Apr 12, 2024",Equity,All Cap,Asia Pacific,Emerging,Thailand,Passive,3.19,-8.86,-8.53,-8.86,-8.53,3.19,-,A
268,XVV,iShares ESG Screened S&P 500 ETF,-,US46436E5693,46436E569,"Sep 22, 2020",0.08,0.08,"247,215,586.64","Apr 12, 2024",Equity,Large Cap,North America,Developed,United States,Passive,1.11,10.89,11.00,10.89,11.00,1.11,-,A
269,IDRV,iShares Self-Driving EV and Tech ETF,-,US46435U3665,46435U366,"Apr 16, 2019",0.47,0.47,"247,048,193.04","Apr 12, 2024",Equity,All Cap,Global,Developed,Broad,Passive,2.45,-11.90,-12.03,-11.90,-12.03,2.45,-,A
270,IETC,iShares U.S. Tech Independence Focused ETF,-,US46431W6488,46431W648,"Mar 21, 2018",0.18,0.18,"240,484,111.90","Apr 12, 2024",Equity,All Cap,North America,Developed,United States,Active,0.62,13.74,13.64,13.74,13.64,0.62,-,A
271,GBF,iShares Government/Credit Bond ETF,-,US4642885960,464288596,"Jan 05, 2007",0.2,0.2,"233,582,288.56","Apr 12, 2024",Fixed Income,Multi Sectors,North America,Developed,United States,Passive,3.55,-0.77,-0.97,-0.77,-0.97,3.55,6.15,A
272,CMDY,iShares Bloomberg Roll Select Commodity Strategy ETF,-,US46431W5985,46431W598,"Apr 03, 2018",0.29,0.28,"233,367,253.26","Apr 12, 2024",Commodities & Digital Assets,Multi Commodity,Global,Developed,Broad,Passive,5.00,2.01,1.91,2.01,1.91,5.00,-,-
273,TUR,iShares MSCI Turkey ETF,-,US4642867158,464286715,"Mar 26, 2008",0.59,0.59,"232,640,143.42","Apr 12, 2024",Equity,All Cap,Europe,Emerging,Turkey,Passive,3.99,10.85,11.34,10.85,11.34,3.99,-,BBB
274,HYGH,iShares Interest Rate Hedged High Yield Bond ETF,-,US46431W6066,46431W606,"May 27, 2014",1.12,0.52,"229,143,896.05","Apr 12, 2024",Fixed Income,High Yield,North America,Developed,United States,Passive,8.85,3.26,3.46,3.26,3.46,8.85,0.06,BBB
275,IBTJ,iShares® iBonds® Dec 2029 Term Treasury ETF,-,US46436E8259,46436E825,"Feb 25, 2020",0.07,0.07,"224,845,738.56","Apr 12, 2024",Fixed Income,Government,North America,Developed,United States,Passive,3.75,-0.68,-0.66,-0.68,-0.66,3.75,4.63,A
276,IYZ,iShares U.S. Telecommunications ETF,-,US4642877132,464287713,"May 22, 2000",0.4,0.4,"224,824,734.74","Apr 12, 2024",Equity,All Cap,North America,Developed,United States,Passive,2.27,-2.76,-2.78,-2.76,-2.78,2.27,-,A
277,CNYA,iShares MSCI China A ETF,-,US46434V5140,46434V514,"Jun 13, 2016",0.6,0.6,"217,168,575.43","Apr 12, 2024",Equity,Large/Mid Cap,Asia Pacific,Emerging,China,Passive,4.22,0.06,0.50,0.06,0.50,4.22,-,BB
278,IBTK,iShares® iBonds® Dec 2030 Term Treasury ETF,-,US46436E5933,46436E593,"Jul 14, 2020",0.07,0.07,"215,733,513.25","Apr 12, 2024",Fixed Income,Government,North America,Developed,United States,Passive,3.42,-0.93,-0.92,-0.93,-0.92,3.42,5.60,A
279,ISCB,iShares Morningstar Small-Cap ETF,-,US4642885051,464288505,"Jun 28, 2004",0.04,0.04,"214,776,014.35","Apr 12, 2024",Equity,Small Cap,North America,Developed,United States,Passive,1.35,5.09,5.15,5.09,5.15,1.35,-,BBB
280,HAWX,iShares Currency Hedged MSCI ACWI ex U.S. ETF,-,US46435G8472,46435G847,"Jun 29, 2015",0.7,0.35,"211,443,662.92","Apr 12, 2024",Equity,Large/Mid Cap,Global,Developed,Broad,Passive,2.72,8.44,8.39,8.44,8.39,2.72,-,A
281,CLOA,BlackRock AAA CLO ETF,-,US0925285043,092528504,"Jan 10, 2023",0.2,0.2,"211,395,176.08","Apr 12, 2024",Fixed Income,High Yield Bank Loan,North America,Developed,United States,Active,6.16,1.91,1.86,1.91,1.86,6.16,0.04,-
282,SLVP,iShares MSCI Global Silver and Metals Miners ETF,-,US4642863272,464286327,"Jan 31, 2012",0.39,0.39,"210,637,505.35","Apr 12, 2024",Equity,All Cap,Global,Developed,Broad,Passive,0.88,-0.62,-0.20,-0.62,-0.20,0.88,-,BBB
283,TOK,iShares MSCI Kokusai ETF,-,US4642882652,464288265,"Dec 10, 2007",0.26,0.26,"204,212,077.78","Apr 12, 2024",Equity,Large/Mid Cap,Global,Developed,Broad,Passive,1.79,8.79,8.85,8.79,8.85,1.79,-,A
284,EWZS,iShares MSCI Brazil Small-Cap ETF,-,US4642891315,464289131,"Sep 28, 2010",0.59,0.59,"200,661,837.47","Apr 12, 2024",Equity,Small Cap,Latin America,Emerging,Brazil,Passive,2.84,-3.51,-3.45,-3.51,-3.45,2.84,-,BBB
285,WOOD,iShares Global Timber & Forestry ETF,-,US4642881746,464288174,"Jun 24, 2008",0.42,0.42,"199,745,274.09","Apr 12, 2024",Equity,All Cap,Global,Developed,Broad,Passive,1.58,3.84,3.79,3.84,3.79,1.58,-,AA
286,GOVZ,iShares 25+ Year Treasury STRIPS Bond ETF,-,US46436E5776,46436E577,"Sep 22, 2020",0.15,0.1,"192,141,322.99","Apr 12, 2024",Fixed Income,Government,North America,Developed,United States,Passive,4.39,-6.67,-7.01,-6.67,-7.01,4.39,26.79,A
287,IBTM,iShares® iBonds® Dec 2032 Term Treasury ETF,-,US46436E2963,46436E296,"Jul 06, 2022",0.07,0.07,"190,100,218.38","Apr 12, 2024",Fixed Income,Government,North America,Developed,United States,Passive,3.74,-1.28,-1.30,-1.28,-1.30,3.74,7.08,A
288,ISVL,iShares International Developed Small Cap Value Factor ETF,-,US46436E5107,46436E510,"Mar 23, 2021",0.3,0.3,"179,999,095.04","Apr 12, 2024",Equity,Small Cap,Global,Developed,Broad,Passive,3.69,4.44,4.11,4.44,4.11,3.69,-,A
289,XJH,iShares ESG Screened S&P Mid-Cap ETF,-,US46436E5511,46436E551,"Sep 22, 2020",0.12,0.12,"173,486,412.78","Apr 12, 2024",Equity,Mid Cap,North America,Developed,United States,Passive,1.20,9.18,9.11,9.18,9.11,1.20,-,A
290,LQDW,iShares Investment Grade Corporate Bond BuyWrite Strategy ETF,-,US46436E2880,46436E288,"Aug 18, 2022",0.34,0.34,"171,114,640.38","Apr 12, 2024",Fixed Income,Credit,North America,Developed,United States,Passive,13.75,1.81,1.80,1.81,1.80,13.75,8.20,A
291,BYLD,iShares Yield Optimized Bond ETF,-,US46434V7872,46434V787,"Apr 22, 2014",0.47,0.19,"169,196,127.49","Apr 12, 2024",Fixed Income,Multi Sectors,North America,Developed,United States,Passive,4.70,0.55,0.52,0.55,0.52,4.70,4.82,A
292,IBTL,iShares® iBonds® Dec 2031 Term Treasury ETF,-,US46436E4605,46436E460,"Jul 13, 2021",0.07,0.07,"168,339,122.58","Apr 12, 2024",Fixed Income,Government,North America,Developed,United States,Passive,3.45,-1.26,-1.25,-1.26,-1.25,3.45,6.51,A
293,IMTB,iShares Core 5-10 Year USD Bond ETF,-,US46435G4174,46435G417,"Nov 01, 2016",0.07,0.06,"167,798,176.36","Apr 12, 2024",Fixed Income,Multi Sectors,North America,Developed,United States,Passive,4.39,-0.66,-0.68,-0.66,-0.68,4.39,5.92,-
294,IBTO,iShares® iBonds® Dec 2033 Term Treasury ETF,-,US46436E1486,46436E148,"Jun 27, 2023",0.07,0.07,"164,441,945.14","Apr 12, 2024",Fixed Income,Government,North America,Developed,United States,Passive,0.00,-1.52,-1.58,-1.52,-1.58,0.00,7.56,A
295,EIS,iShares MSCI Israel ETF,-,US4642866325,464286632,"Mar 26, 2008",0.59,0.59,"160,419,412.45","Apr 12, 2024",Equity,All Cap,Europe,Developed,Israel,Passive,1.27,9.62,9.59,9.62,9.59,1.27,-,A
296,HEEM,iShares Currency Hedged MSCI Emerging Markets ETF,-,US46434G5099,46434G509,"Sep 23, 2014",1.49,0.7,"138,683,180.32","Apr 12, 2024",Equity,Large/Mid Cap,Global,Emerging,Broad,Passive,2.63,4.37,4.35,4.37,4.35,2.63,-,A
297,IDNA,iShares Genomics Immunology and Healthcare ETF,-,US46435U1925,46435U192,"Jun 11, 2019",0.47,0.47,"132,896,320.36","Apr 12, 2024",Equity,All Cap,Global,Developed,Broad,Passive,1.00,4.52,4.65,4.52,4.65,1.00,-,BBB
298,GHYG,iShares US & Intl High Yield Corp Bond ETF,-,US4642861789,464286178,"Apr 03, 2012",0.4,0.4,"129,342,200.96","Apr 12, 2024",Fixed Income,High Yield,Global,Developed,Broad,Passive,5.91,0.54,0.79,0.54,0.79,5.91,3.26,BBB
299,VEGI,iShares MSCI Agriculture Producers ETF,-,US4642863504,464286350,"Jan 31, 2012",0.39,0.39,"128,864,265.51","Apr 12, 2024",Equity,All Cap,Global,Developed,Broad,Passive,2.51,1.01,0.84,1.01,0.84,2.51,-,A
300,HYXF,iShares ESG Advanced High Yield Corporate Bond ETF,-,US46435G4414,46435G441,"Jun 14, 2016",0.35,0.35,"127,407,872.85","Apr 12, 2024",Fixed Income,High Yield,North America,Developed,United States,Passive,6.35,1.04,1.54,1.04,1.54,6.35,3.62,A
301,SCJ,iShares MSCI Japan Small-Cap ETF,-,US4642865822,464286582,"Dec 20, 2007",0.5,0.5,"125,870,531.49","Apr 12, 2024",Equity,Small Cap,Asia Pacific,Developed,Japan,Passive,1.91,4.28,4.11,4.28,4.11,1.91,-,BBB
302,HSCZ,iShares Currency Hedged MSCI EAFE Small-Cap ETF,-,US46435G8399,46435G839,"Jun 29, 2015",0.82,0.42,"123,425,852.33","Apr 12, 2024",Equity,Small Cap,Global,Developed,Broad,Passive,2.77,7.55,7.51,7.55,7.51,2.77,-,A
303,EPHE,iShares MSCI Philippines ETF,-,US46429B4086,46429B408,"Sep 28, 2010",0.59,0.59,"122,619,785.46","Apr 12, 2024",Equity,All Cap,Asia Pacific,Emerging,Philippines,Passive,1.90,6.26,6.31,6.26,6.31,1.90,-,BB
304,GLOF,iShares Global Equity Factor ETF,-,US46434V3160,46434V316,"Apr 28, 2015",0.2,0.2,"121,243,328.68","Apr 12, 2024",Equity,Large/Mid Cap,Global,Developed,Broad,Passive,2.30,8.90,9.11,8.90,9.11,2.30,-,A
305,JXI,iShares Global Utilities ETF,-,US4642887115,464288711,"Sep 12, 2006",0.43,0.43,"121,032,622.97","Apr 12, 2024",Equity,All Cap,Global,Developed,Broad,Passive,3.54,0.96,1.01,0.96,1.01,3.54,-,AA
306,EIRL,iShares MSCI Ireland ETF,-,US46429B5075,46429B507,"May 05, 2010",0.5,0.5,"116,996,110.59","Apr 12, 2024",Equity,All Cap,Europe,Developed,Broad,Passive,0.88,13.45,13.43,13.45,13.43,0.88,-,AA
307,IEUS,iShares MSCI Europe Small-Cap ETF,-,US4642884971,464288497,"Nov 12, 2007",0.42,0.42,"112,752,005.53","Apr 12, 2024",Equity,Small Cap,Europe,Developed,Broad,Passive,2.94,1.12,0.78,1.12,0.78,2.94,-,A
308,EPU,iShares MSCI Peru and Global Exposure ETF,-,US4642898427,464289842,"Jun 19, 2009",0.59,0.59,"111,537,627.38","Apr 12, 2024",Equity,All Cap,Latin America,Emerging,Broad,Passive,3.68,12.99,13.93,12.99,13.93,3.68,-,BBB
309,IFGL,iShares International Developed Real Estate ETF,-,US4642884898,464288489,"Nov 12, 2007",0.48,0.48,"110,351,207.41","Apr 12, 2024",Real Estate,Real Estate Securities,Global,Developed,Broad,Passive,2.38,-2.06,-1.69,-2.06,-1.69,2.38,-,A
310,FILL,iShares MSCI Global Energy Producers ETF,-,US4642863439,464286343,"Jan 31, 2012",0.39,0.39,"107,194,870.45","Apr 12, 2024",Equity,All Cap,Global,Developed,Broad,Passive,3.77,10.14,10.04,10.14,10.04,3.77,-,A
311,IGBH,iShares Interest Rate Hedged Long-Term Corporate Bond ETF,-,US46431W8120,46431W812,"Jul 22, 2015",0.39,0.14,"106,480,482.05","Apr 12, 2024",Fixed Income,Credit,North America,Developed,United States,Passive,7.30,2.72,2.98,2.72,2.98,7.30,-0.02,A
312,IBHG,iShares® iBonds® 2027 Term High Yield and Income ETF,-,US46436E4787,46436E478,"Jul 07, 2021",0.35,0.35,"100,583,994.11","Apr 12, 2024",Fixed Income,High Yield,North America,Developed,United States,Passive,7.06,1.13,1.43,1.13,1.43,7.06,2.29,BBB
313,IBMR,iShares® iBonds® Dec 2029 Term Muni Bond ETF,-,US46436E1635,46436E163,"May 09, 2023",0.18,0.18,"95,022,595.89","Apr 12, 2024",Fixed Income,Municipals,North America,Developed,United States,Passive,0.00,-0.82,-0.94,-0.82,-0.94,0.00,4.40,-
314,HYMU,BlackRock High Yield Muni Income Bond ETF,-,US0925281083,092528108,"Mar 16, 2021",0.47,0.35,"90,376,894.01","Apr 12, 2024",Fixed Income,Municipals,North America,Developed,United States,Active,4.45,1.74,2.27,1.74,2.27,4.45,8.75,-
315,JPXN,iShares JPX-Nikkei 400 ETF,-,US4642873826,464287382,"Oct 23, 2001",0.48,0.48,"87,359,165.30","Apr 12, 2024",Equity,Large/Mid Cap,Asia Pacific,Developed,Japan,Passive,2.34,10.01,10.27,10.01,10.27,2.34,-,AA
316,ENZL,iShares MSCI New Zealand ETF,-,US4642891232,464289123,"Sep 01, 2010",0.5,0.5,"87,286,910.48","Apr 12, 2024",Equity,All Cap,Asia Pacific,Developed,New Zealand,Passive,3.20,-6.52,-6.21,-6.52,-6.21,3.20,-,AA
317,QAT,iShares MSCI Qatar ETF,-,US46434V7799,46434V779,"Apr 29, 2014",0.59,0.59,"80,271,807.98","Apr 12, 2024",Equity,All Cap,Middle East and Africa,Emerging,Qatar,Passive,4.04,-2.90,-2.70,-2.90,-2.70,4.04,-,BB
318,ISHG,iShares 1-3 Year International Treasury Bond ETF,-,US4642881258,464288125,"Jan 21, 2009",0.35,0.35,"79,228,005.91","Apr 12, 2024",Fixed Income,Government,Global,Developed,Broad,Passive,0.19,-3.06,-3.02,-3.06,-3.02,0.19,1.82,A
319,BRTR,BlackRock Total Return ETF,-,US0925288765,092528876,"Dec 12, 2023",0.4,0.38,"79,199,268.52","Apr 12, 2024",Fixed Income,Multi Sectors,Global,Developed,Broad,Active,-,-0.45,-0.74,-0.45,-0.74,-,5.68,-
320,EMXF,iShares ESG Advanced MSCI EM ETF,-,US46436E7426,46436E742,"Oct 06, 2020",0.16,0.16,"73,649,797.73","Apr 12, 2024",Equity,Large/Mid Cap,Global,Emerging,Broad,Passive,2.25,0.56,0.28,0.56,0.28,2.25,-,A
321,SVAL,iShares US Small Cap Value Factor ETF,-,US46436E5362,46436E536,"Oct 27, 2020",0.2,0.2,"72,095,116.49","Apr 12, 2024",Equity,Small Cap,North America,Developed,United States,Passive,2.22,0.03,-0.04,0.03,-0.04,2.22,-,BBB
322,KWT,iShares MSCI Kuwait ETF,-,US46436E8176,46436E817,"Sep 01, 2020",0.74,0.74,"70,122,260.12","Apr 12, 2024",Equity,All Cap,Kuwait,Emerging,Kuwait,Passive,2.08,8.00,9.23,8.00,9.23,2.08,-,BBB
323,IBHH,iShares® iBonds® 2028 Term High Yield and Income ETF,-,US46436E3870,46436E387,"Mar 08, 2022",0.35,0.35,"69,858,930.06","Apr 12, 2024",Fixed Income,High Yield,North America,Developed,United States,Passive,6.81,1.30,1.31,1.30,1.31,6.81,2.94,BBB
324,BKF,iShares MSCI BIC ETF,-,US4642866572,464286657,"Nov 12, 2007",0.7,0.7,"69,779,757.85","Apr 12, 2024",Equity,Large/Mid Cap,Global,Emerging,Broad,Passive,1.68,-0.12,-0.18,-0.12,-0.18,1.68,-,BBB
325,XJR,iShares ESG Screened S&P Small-Cap ETF,-,US46436E5446,46436E544,"Sep 22, 2020",0.12,0.12,"68,300,097.82","Apr 12, 2024",Equity,Small Cap,North America,Developed,United States,Passive,0.65,2.44,2.38,2.44,2.38,0.65,-,BBB
326,HYGW,iShares High Yield Corporate Bond BuyWrite Strategy ETF,-,US46436E3201,46436E320,"Aug 18, 2022",0.69,0.69,"63,632,212.58","Apr 12, 2024",Fixed Income,High Yield,North America,Developed,United States,Passive,9.33,2.89,2.90,2.89,2.90,9.33,3.36,BBB
327,FIBR,iShares U.S. Fixed Income Balanced Risk Systematic ETF,-,US46435U7963,46435U796,"Feb 24, 2015",0.25,0.25,"63,631,286.42","Apr 12, 2024",Fixed Income,Multi Sectors,North America,Developed,United States,Passive,4.67,0.40,0.47,0.40,0.47,4.67,3.05,A
328,EWO,iShares MSCI Austria ETF,-,US4642862027,464286202,"Mar 12, 1996",0.5,0.5,"58,491,786.20","Apr 12, 2024",Equity,All Cap,Europe,Developed,Austria,Passive,5.64,0.52,0.46,0.52,0.46,5.64,-,AA
329,IVVB,iShares Large Cap Deep Buffer ETF,-,US0925288013,092528801,"Jun 28, 2023",0.53,0.5,"52,176,771.27","Apr 12, 2024",Equity,Large Cap,North America,Developed,United States,Active,-,6.21,6.47,6.21,6.47,-,-,A
330,PABD,iShares Paris-Aligned Climate MSCI World ex USA ETF,-,US46438G7299,46438G729,"Jan 17, 2024",0.12,0.12,"52,051,219.91","Apr 12, 2024",Equity,Large/Mid Cap,Global,Developed,Broad,Passive,-,-,-,-,-,-,-,-
331,ECNS,iShares MSCI China Small-Cap ETF,-,US46429B2007,46429B200,"Sep 28, 2010",0.59,0.59,"51,527,300.54","Apr 12, 2024",Equity,Small Cap,Asia Pacific,Emerging,China,Passive,5.31,-7.34,-6.78,-7.34,-6.78,5.31,-,BBB
332,STLG,iShares Factors US Growth Style ETF,-,US46436E4035,46436E403,"Jan 14, 2020",0.15,0.15,"51,442,037.93","Apr 12, 2024",Equity,Large/Mid Cap,North America,Developed,United States,Passive,0.61,15.84,15.90,15.84,15.90,0.61,-,A
333,CCRV,iShares Commodity Curve Carry Strategy ETF,-,US46431W5647,46431W564,"Sep 01, 2020",0.43,0.4,"48,297,051.57","Apr 12, 2024",Commodities & Digital Assets,Multi Commodity,North America,Developed,United States,Passive,6.75,7.19,7.54,7.19,7.54,6.75,-,-
334,HYXU,iShares International High Yield Bond ETF,-,US4642862100,464286210,"Apr 03, 2012",0.4,0.4,"47,687,355.22","Apr 12, 2024",Fixed Income,High Yield,Global,Developed,Broad,Passive,3.49,-1.58,-1.93,-1.58,-1.93,3.49,2.94,A
335,LQDI,iShares Inflation Hedged Corporate Bond ETF,-,US46431W5803,46431W580,"May 08, 2018",0.33,0.18,"44,815,016.43","Apr 12, 2024",Fixed Income,Credit,North America,Developed,United States,Passive,4.33,0.28,0.45,0.28,0.45,4.33,7.98,A
336,IEDI,iShares U.S. Consumer Focused ETF,-,US46431W6637,46431W663,"Mar 21, 2018",0.18,0.18,"42,609,699.69","Apr 12, 2024",Equity,All Cap,North America,Developed,United States,Active,0.98,12.63,12.75,12.63,12.75,0.98,-,A
337,DVYA,iShares Asia/Pacific Dividend ETF,-,US4642862936,464286293,"Feb 23, 2012",0.49,0.49,"41,209,809.71","Apr 12, 2024",Equity,All Cap,Asia Pacific,Developed,Broad,Passive,6.23,1.61,2.08,1.61,2.08,6.23,-,A
338,IDGT,iShares U.S. Digital Infrastructure and Real Estate ETF,-,US4642875318,464287531,"Jul 10, 2001",0.41,0.41,"41,177,235.43","Apr 12, 2024",Equity,All Cap,North America,Developed,United States,Passive,0.49,11.78,11.82,11.78,11.82,0.49,-,AA
339,BEMB,iShares J.P. Morgan Broad USD Emerging Markets Bond ETF,-,US46436E2625,46436E262,"Feb 22, 2023",0.2,0.18,"41,011,914.66","Apr 12, 2024",Fixed Income,Corporates,Global,Emerging,Broad,Passive,6.28,1.85,1.61,1.85,1.61,6.28,5.99,BBB
340,IAUF,iShares Gold Strategy ETF,-,US46431W6140,46431W614,"Jun 06, 2018",0.32,0.25,"40,194,350.05","Apr 12, 2024",Commodities & Digital Assets,Precious Metals,Global,Developed,Broad,Passive,12.29,7.33,7.38,7.33,7.38,12.29,-,-
341,UAE,iShares MSCI UAE ETF,-,US46434V7617,46434V761,"Apr 29, 2014",0.59,0.59,"40,068,780.71","Apr 12, 2024",Equity,All Cap,Middle East and Africa,Emerging,United Arab Emirates,Passive,3.29,-0.59,-0.47,-0.59,-0.47,3.29,-,BBB
342,EWUS,iShares MSCI United Kingdom Small-Cap ETF,-,US46429B4169,46429B416,"Jan 25, 2012",0.59,0.59,"39,227,917.90","Apr 12, 2024",Equity,Small Cap,Europe,Developed,United Kingdom,Passive,2.85,1.13,1.30,1.13,1.30,2.85,-,AA
343,IBHI,iShares® iBonds® 2029 Term High Yield and Income ETF,-,US46436E3797,46436E379,"Mar 08, 2022",0.35,0.35,"37,633,041.71","Apr 12, 2024",Fixed Income,High Yield,North America,Developed,United States,Passive,6.53,1.59,2.06,1.59,2.06,6.53,3.82,BBB
344,IVVM,iShares Large Cap Moderate Buffer ETF,-,US0925287023,092528702,"Jun 28, 2023",0.53,0.5,"37,384,579.54","Apr 12, 2024",Equity,Large Cap,North America,Developed,United States,Active,-,4.88,4.82,4.88,4.82,-,-,A
345,BRLN,BlackRock Floating Rate Loan ETF,-,US0925284053,092528405,"Oct 04, 2022",0.62,0.55,"36,559,959.77","Apr 12, 2024",Fixed Income,High Yield Bank Loan,North America,Developed,United States,Active,8.81,2.39,1.72,2.39,1.72,8.81,0.47,-
346,FOVL,iShares Focused Value Factor ETF,-,US46435U3335,46435U333,"Mar 19, 2019",0.25,0.25,"35,796,975.90","Apr 12, 2024",Equity,Large/Mid Cap,North America,Developed,United States,Passive,2.26,8.85,8.90,8.85,8.90,2.26,-,A
347,WPS,iShares International Developed Property ETF,-,US4642884229,464288422,"Jul 30, 2007",0.48,0.48,"35,519,844.34","Apr 12, 2024",Real Estate,Real Estate Securities,Global,Developed,Broad,Passive,2.75,-0.65,-0.58,-0.65,-0.58,2.75,-,A
348,LQDB,iShares BBB Rated Corporate Bond ETF,-,US46436E4944,46436E494,"May 18, 2021",0.15,0.15,"33,536,268.31","Apr 12, 2024",Fixed Income,Credit,North America,Developed,United States,Passive,4.25,-0.20,-0.35,-0.20,-0.35,4.25,6.44,A
349,LDEM,iShares ESG MSCI EM Leaders ETF,-,US46436E6014,46436E601,"Feb 05, 2020",0.17,0.17,"32,698,557.02","Apr 12, 2024",Equity,Large/Mid Cap,Global,Emerging,Broad,Passive,3.18,0.10,-0.32,0.10,-0.32,3.18,-,A
350,HEWG,iShares Currency Hedged MSCI Germany ETF,-,US46434V7047,46434V704,"Jan 31, 2014",1.03,0.53,"32,593,772.17","Apr 12, 2024",Equity,Large/Mid Cap,Europe,Developed,Germany,Passive,2.76,9.90,9.81,9.90,9.81,2.76,-,AA
351,BALI,BlackRock Advantage Large Cap Income ETF,-,US09290C8635,09290C863,"Sep 26, 2023",0.35,0.35,"31,942,971.19","Apr 12, 2024",Equity,Large Cap,North America,Developed,United States,Active,-,9.94,9.96,9.94,9.96,-,-,A
352,ENOR,iShares MSCI Norway ETF,-,US46429B4995,46429B499,"Jan 23, 2012",0.53,0.53,"27,626,199.82","Apr 12, 2024",Equity,All Cap,Europe,Developed,Norway,Passive,5.24,-3.62,-3.61,-3.62,-3.61,5.24,-,AA
353,EMIF,iShares Emerging Markets Infrastructure ETF,-,US4642882165,464288216,"Jun 16, 2009",0.6,0.6,"21,872,964.32","Apr 12, 2024",Equity,All Cap,Global,Emerging,Broad,Passive,2.57,1.35,2.29,1.35,2.29,2.57,-,BBB
354,EWK,iShares MSCI Belgium ETF,-,US4642863017,464286301,"Mar 12, 1996",0.5,0.5,"20,457,242.57","Apr 12, 2024",Equity,All Cap,Europe,Developed,Belgium,Passive,1.13,-0.53,-0.53,-0.53,-0.53,1.13,-,AA
355,CALY,BlackRock Short-Term California Muni Bond ETF,-,US0925288849,092528884,"Jul 11, 2023",0.26,0.2,"20,031,052.25","Apr 12, 2024",Fixed Income,Municipals,North America,Developed,United States,Active,0.00,0.33,0.40,0.33,0.40,0.00,1.07,-
356,INMU,BlackRock Intermediate Muni Income Bond ETF,-,US0925282073,092528207,"Mar 16, 2021",0.42,0.3,"18,826,758.22","Apr 12, 2024",Fixed Income,Municipals,North America,Developed,United States,Active,3.50,0.22,0.52,0.22,0.52,3.50,4.65,-
357,IBHJ,iShares® iBonds® 2030 Term High Yield and Income ETF,-,US46436E1221,46436E122,"Jun 21, 2023",0.35,0.35,"17,855,903.45","Apr 12, 2024",Fixed Income,High Yield,North America,Developed,United States,Passive,0.00,1.32,1.82,1.32,1.82,0.00,4.12,BBB
358,EFNL,iShares MSCI Finland ETF,-,US46429B5158,46429B515,"Jan 25, 2012",0.56,0.56,"17,447,202.72","Apr 12, 2024",Equity,All Cap,Europe,Developed,Finland,Passive,4.40,-2.09,-2.12,-2.09,-2.12,4.40,-,AAA
359,IBLC,iShares Blockchain and Tech ETF,-,US46436E3615,46436E361,"Apr 25, 2022",0.47,0.47,"16,928,222.48","Apr 12, 2024",Equity,All Cap,Global,Developed,Broad,Passive,1.66,7.60,7.46,7.60,7.46,1.66,-,BB
360,IVVW,iShares S&P 500 BuyWrite ETF,-,US46438G7117,46438G711,"Mar 14, 2024",0.25,0.25,"16,802,513.52","Apr 12, 2024",Equity,Large/Mid Cap,North America,Developed,United States,Passive,-,-,-,-,-,-,-,-
361,IBIC,iShares® iBonds® Oct 2026 Term TIPS ETF,-,US46438G5053,46438G505,"Sep 13, 2023",0.1,0.1,"16,472,936.20","Apr 12, 2024",Fixed Income,Inflation,North America,Developed,United States,Passive,-,0.81,0.95,0.81,0.95,-,2.05,A
362,IWMW,iShares Russell 2000 BuyWrite ETF,-,US46438G6952,46438G695,"Mar 14, 2024",0.39,0.39,"15,445,725.58","Apr 12, 2024",Equity,Small Cap,North America,Developed,United States,Passive,-,-,-,-,-,-,-,-
363,IBIB,iShares® iBonds® Oct 2025 Term TIPS ETF,-,US46438G4064,46438G406,"Sep 13, 2023",0.1,0.1,"15,230,221.87","Apr 12, 2024",Fixed Income,Inflation,North America,Developed,United States,Passive,-,1.30,1.43,1.30,1.43,-,1.05,A
364,ICOP,iShares Copper and Metals Mining ETF,-,US46436E1890,46436E189,"Jun 21, 2023",0.47,0.47,"15,113,179.49","Apr 12, 2024",Equity,All Cap,Global,Emerging,Broad,Passive,-,10.26,10.79,10.26,10.79,-,-,BBB
365,BTEK,BlackRock Future Tech ETF,-,US09290C3016,09290C301,"Sep 29, 2020",0.88,0.88,"14,951,964.82","Apr 12, 2024",Equity,Mid/Small Cap,Global,Developed,Broad,Active,0.00,10.26,10.33,10.26,10.33,0.00,-,A
366,TMET,iShares Transition-Enabling Metals ETF,-,US46431W5159,46431W515,"Sep 26, 2023",0.48,0.47,"14,022,172.21","Apr 12, 2024",Commodities & Digital Assets,Multi Commodity,Global,Developed,Broad,Passive,-,0.16,0.16,0.16,0.16,-,-,-
367,IBID,iShares® iBonds® Oct 2027 Term TIPS ETF,-,US46438G6044,46438G604,"Sep 13, 2023",0.1,0.1,"13,896,690.18","Apr 12, 2024",Fixed Income,Inflation,North America,Developed,United States,Passive,-,0.46,0.59,0.46,0.59,-,3.00,A
368,IBIE,iShares® iBonds® Oct 2028 Term TIPS ETF,-,US46438G7034,46438G703,"Sep 13, 2023",0.1,0.1,"13,858,660.70","Apr 12, 2024",Fixed Income,Inflation,North America,Developed,United States,Passive,-,0.21,0.31,0.21,0.31,-,3.88,A
369,IBIJ,iShares® iBonds® Oct 2033 Term TIPS ETF,-,US46438G8511,46438G851,"Sep 19, 2023",0.1,0.1,"13,793,460.86","Apr 12, 2024",Fixed Income,Inflation,North America,Developed,United States,Passive,0.00,-0.47,-0.43,-0.47,-0.43,0.00,8.31,A
370,IBIA,iShares® iBonds® Oct 2024 Term TIPS ETF,-,US46438G3074,46438G307,"Sep 13, 2023",0.1,0.1,"12,671,075.01","Apr 12, 2024",Fixed Income,Inflation,North America,Developed,United States,Passive,-,1.77,1.83,1.77,1.83,-,0.28,A
371,USBF,iShares USD Systematic Bond ETF,-,US46436E4522,46436E452,"Oct 12, 2021",0.2,0.18,"12,353,787.67","Apr 12, 2024",Fixed Income,Multi Sectors,North America,Developed,United States,Passive,4.59,-0.42,-0.46,-0.42,-0.46,4.59,5.78,A
372,ELQD,iShares ESG Advanced Investment Grade Corporate Bond ETF,-,US46436E4373,46436E437,"Nov 08, 2021",0.18,0.18,"11,925,739.40","Apr 12, 2024",Fixed Income,Credit,North America,Developed,United States,Passive,4.01,-0.76,-0.84,-0.76,-0.84,4.01,8.21,A
373,ESMV,iShares ESG MSCI USA Min Vol Factor ETF,-,US46436E4456,46436E445,"Nov 02, 2021",0.18,0.18,"11,523,688.85","Apr 12, 2024",Equity,Large/Mid Cap,North America,Developed,United States,Passive,1.65,6.85,6.82,6.85,6.82,1.65,-,AA
374,IBIF,iShares® iBonds® Oct 2029 Term TIPS ETF,-,US46438G8024,46438G802,"Sep 19, 2023",0.1,0.1,"11,346,549.23","Apr 12, 2024",Fixed Income,Inflation,North America,Developed,United States,Passive,0.00,0.06,0.23,0.06,0.23,0.00,4.69,A
375,IBIG,iShares® iBonds® Oct 2030 Term TIPS ETF,-,US46438G8859,46438G885,"Sep 19, 2023",0.1,0.1,"11,342,311.54","Apr 12, 2024",Fixed Income,Inflation,North America,Developed,United States,Passive,0.00,-0.02,-0.04,-0.02,-0.04,0.00,5.86,-
376,IBII,iShares® iBonds® Oct 2032 Term TIPS ETF,-,US46438G8693,46438G869,"Sep 19, 2023",0.1,0.1,"10,014,674.89","Apr 12, 2024",Fixed Income,Inflation,North America,Developed,United States,Passive,0.00,-0.36,-0.35,-0.36,-0.35,0.00,7.64,A
377,IBIH,iShares® iBonds® Oct 2031 Term TIPS ETF,-,US46438G8776,46438G877,"Sep 19, 2023",0.1,0.1,"8,802,015.44","Apr 12, 2024",Fixed Income,Inflation,North America,Developed,United States,Passive,0.00,-0.22,-0.23,-0.22,-0.23,0.00,6.82,-
378,ERET,iShares Environmentally Aware Real Estate ETF,-,US46436E2708,46436E270,"Nov 15, 2022",0.3,0.3,"8,781,297.42","Apr 12, 2024",Real Estate,Real Estate Securities,Global,Developed,Broad,Passive,3.74,-1.69,-1.65,-1.69,-1.65,3.74,-,A
379,IBAT,iShares Energy Storage & Materials ETF,-,US46438G7372,46438G737,"Mar 19, 2024",0.47,0.47,"8,623,635.37","Apr 12, 2024",Equity,All Cap,Global,Developed,Broad,Passive,-,-,-,-,-,-,-,-
380,BLCV,BlackRock Large Cap Value ETF,-,US09290C8718,09290C871,"May 19, 2023",0.55,0.55,"6,952,539.28","Apr 12, 2024",Equity,Large Cap,North America,Developed,United States,Active,-,10.70,10.77,10.70,10.77,-,-,A
381,BTHM,BlackRock Future U.S. Themes ETF,-,US09290C8064,09290C806,"Dec 14, 2021",0.6,0.6,"6,901,297.03","Apr 12, 2024",Equity,Large Cap,North America,Developed,United States,Active,0.37,14.48,14.54,14.48,14.54,0.37,-,A
382,IDAT,iShares Future Cloud 5G and Tech ETF,-,US46435U1271,46435U127,"Jun 08, 2021",0.47,0.47,"6,886,484.42","Apr 12, 2024",Equity,All Cap,Global,Developed,Broad,Passive,0.64,6.96,7.15,6.96,7.15,0.64,-,AA
383,IVRS,iShares Future Metaverse Tech and Communications ETF,-,US46436E2476,46436E247,"Feb 14, 2023",0.47,0.47,"6,352,402.90","Apr 12, 2024",Equity,All Cap,Global,Emerging,Broad,Passive,0.28,1.35,1.35,1.35,1.35,0.28,-,A
384,TCHI,iShares MSCI China Multisector Tech ETF,-,US46436E4290,46436E429,"Jan 25, 2022",0.59,0.59,"6,293,237.31","Apr 12, 2024",Equity,Large/Mid Cap,Asia Pacific,Emerging,China,Passive,4.49,-4.15,-3.72,-4.15,-3.72,4.49,-,BBB
385,IWTR,iShares MSCI Water Management Multisector ETF,-,US46436E3466,46436E346,"Sep 20, 2022",0.47,0.47,"5,975,289.80","Apr 12, 2024",Equity,All Cap,Global,Developed,Broad,Passive,1.64,7.01,6.86,7.01,6.86,1.64,-,AA
386,ISZE,iShares MSCI Intl Size Factor ETF,-,US46435G5080,46435G508,"Jun 16, 2015",0.3,0.3,"5,185,625.89","Apr 12, 2024",Equity,Large/Mid Cap,Global,Developed,Broad,Passive,6.45,2.44,2.66,2.44,2.66,6.45,-,AA
387,AGRH,iShares Interest Rate Hedged U.S. Aggregate Bond ETF,-,US46431W5316,46431W531,"Jun 22, 2022",0.16,0.13,"5,172,056.21","Apr 12, 2024",Fixed Income,Multi Sectors,North America,Developed,United States,Passive,4.75,1.79,1.75,1.79,1.75,4.75,0.03,A
388,IVEG,iShares Emergent Food and AgTech Multisector ETF,-,US46436E3953,46436E395,"Apr 25, 2022",0.47,0.47,"4,844,461.72","Apr 12, 2024",Equity,All Cap,Global,Developed,Broad,Passive,2.30,4.38,4.27,4.38,4.27,2.30,-,AA
389,BPAY,BlackRock Future Financial and Technology ETF,-,US09290C8890,09290C889,"Aug 16, 2022",0.71,0.7,"4,789,729.50","Apr 12, 2024",Equity,All Cap,Global,Developed,Broad,Active,1.08,9.56,9.78,9.56,9.78,1.08,-,BBB
390,EFRA,iShares Environmental Infrastructure and Industrials ETF,-,US46436E2542,46436E254,"Nov 01, 2022",0.47,0.47,"4,774,663.13","Apr 12, 2024",Equity,All Cap,Global,Developed,Broad,Passive,1.40,5.61,5.75,5.61,5.75,1.40,-,A
391,BMED,BlackRock Future Health ETF,-,US09290C4006,09290C400,"Sep 29, 2020",0.85,0.85,"3,980,838.69","Apr 12, 2024",Equity,Mid/Small Cap,Global,Developed,Broad,Active,0.03,7.31,7.55,7.31,7.55,0.03,-,A
392,IBRN,iShares Neuroscience and Healthcare ETF,-,US46436E3532,46436E353,"Aug 24, 2022",0.47,0.47,"3,600,525.67","Apr 12, 2024",Equity,All Cap,Global,Emerging,Broad,Passive,0.02,-2.49,-2.52,-2.49,-2.52,0.02,-,A
393,ETEC,iShares Breakthrough Environmental Solutions ETF,-,US46436E1973,46436E197,"Mar 28, 2023",0.47,0.47,"3,342,796.15","Apr 12, 2024",Equity,All Cap,Global,Emerging,Broad,Passive,0.74,-6.80,-6.96,-6.80,-6.96,0.74,-,A
394,BECO,BlackRock Future Climate and Sustainable Economy ETF,-,US09290C7074,09290C707,"Aug 03, 2021",0.71,0.7,"3,085,674.03","Apr 12, 2024",Equity,All Cap,Global,Developed,Broad,Active,0.93,1.07,0.95,1.07,0.95,0.93,-,AA
395,IWFH,iShares Virtual Work and Life Multisector ETF,-,US46436E5859,46436E585,"Sep 29, 2020",0.47,0.47,"2,995,872.68","Apr 12, 2024",Equity,All Cap,Global,Developed,Broad,Passive,1.83,0.09,0.00,0.09,0.00,1.83,-,A
396,ILIT,iShares Lithium Miners and Producers ETF,-,US46436E1718,46436E171,"Jun 21, 2023",0.47,0.47,"2,721,646.27","Apr 12, 2024",Equity,All Cap,Global,Emerging,Broad,Passive,-,-20.13,-20.13,-20.13,-20.13,-,-,BBB
397,HYGI,iShares Inflation Hedged High Yield Bond ETF,-,US46431W5498,46431W549,"Jun 22, 2022",1.02,0.52,"2,587,754.16","Apr 12, 2024",Fixed Income,High Yield,North America,Developed,United States,Passive,6.16,2.16,2.21,2.16,2.21,6.16,3.19,BBB
398,AGIH,iShares Inflation Hedged U.S. Aggregate Bond ETF,-,US46431W5233,46431W523,"Jun 22, 2022",0.16,0.13,"2,418,786.00","Apr 12, 2024",Fixed Income,Multi Sectors,North America,Developed,United States,Passive,3.33,0.19,0.13,0.19,0.13,3.33,5.76,A
